400.056790123457,380.101728395062,393.700740740741,378.568395061728,380.941234567901,368.273086419753,397.316049382716,378.765925925926,365.907160493827,351.542716049383,375.712098765432,359.352592592593,393.307654320988,371.235061728395,390.284444444444,369.026666666667,406.022222222222,383.09975308642,417.868148148148,393.849382716049,159.424197530864,158.746172839506,159.080987654321,158.228148148148,156.360493827161,156.375802469136,158.622716049383,158.64,156.764938271605,155.85975308642,157.531358024691,156.557037037037,158.210864197531,157.764444444444,157.833580246914,156.167407407407,159.086419753086,156.842962962963,158.428148148148,156.900740740741
400.515555555556,382.542222222222,398.935802469136,381.938271604938,386.063209876543,371.980740740741,399.621234567901,384.000493827161,370.633086419753,357.00987654321,384.047407407407,366.927407407407,401.388148148148,378.763456790124,397.673086419753,378.007407407407,414.73975308642,392.216790123457,423.659259259259,402.562469135803,146.066172839506,145.595061728395,146.038024691358,145.145185185185,144.81975308642,144.953580246914,145.513580246914,146.205432098765,144.975308641975,144.234567901235,145.614320987654,145.143703703704,146.873086419753,146.230617283951,146.71012345679,145.477530864198,147.964938271605,146.515061728395,148.746666666667,147.742222222222
405.104197530864,386.217283950617,405.325925925926,386.733827160494,390.358518518519,376.782222222222,403.104197530864,388.861234567901,376.518024691358,361.920493827161,389.257777777778,372.912592592593,406.042469135803,383.299259259259,403.28,384.245432098765,422.179259259259,400.060740740741,430.057283950617,408.818271604938,146.816296296296,146.16987654321,147.343703703704,145.913086419753,144.783703703704,145.364938271605,145.712592592593,146.487901234568,145.791604938272,145.492345679012,147.200987654321,146.187654320988,147.935308641975,147.00987654321,148.415308641975,147.057283950617,149.952098765432,147.750617283951,149.487407407407,149.40987654321
409.912098765432,391.421728395062,407.077037037037,389.395555555556,392.817777777778,379.205925925926,406.694814814815,391.64987654321,379.291851851852,364.73975308642,393.578765432099,377.331358024691,410.345185185185,388.331358024691,406.621234567901,387.241481481481,425.767901234568,404.496790123457,433.500740740741,412.117037037037,147.56987654321,146.676543209877,147.372345679012,146.713580246914,145.464197530864,146.79012345679,145.920987654321,147.954567901235,146.264691358025,146.424691358025,147.822716049383,147.308148148148,148.633086419753,148.17037037037,148.898271604938,147.666172839506,151.194567901235,149.123456790123,151.095802469136,151.092839506173
412.900740740741,393.143209876543,409.165432098765,391.227160493827,394.690864197531,381.109135802469,407.021728395062,392.948148148148,381.222716049383,366.98962962963,396.178271604938,378.921481481481,413.741234567901,388.215802469136,408.634074074074,389.601975308642,429.796543209877,405.354567901235,435.155555555556,412.581234567901,147.939259259259,146.434074074074,148.104691358025,147.055802469136,145.764444444444,146.510617283951,145.69975308642,148.065679012346,146.784691358025,146.926913580247,148.746172839506,147.148148148148,149.666172839506,148.318024691358,149.955555555556,149.071604938272,152.611851851852,150.190617283951,153.400987654321,153.607407407407
415.971358024691,394.712592592593,412.837037037037,393.21037037037,397.087901234568,381.814320987654,409.045925925926,396.373333333333,383.097283950617,368.494320987654,398.49037037037,379.17975308642,415.453333333333,390.758024691358,410.701728395062,390.374814814815,430.462222222222,408.478518518519,436.425185185185,415.67950617284,148.720987654321,147.781728395062,149.305185185185,147.957037037037,146.617777777778,146.886419753086,147.21975308642,148.717037037037,147.32,147.213827160494,148.932345679012,147.991111111111,150.197037037037,148.874074074074,151.29037037037,150.254320987654,155.505185185185,152.487407407407,156.609382716049,158.085432098765
417.356049382716,398.33975308642,415.402962962963,395.077530864198,398.951111111111,383.614320987654,412.702716049383,397.427160493827,385.58962962963,370.430617283951,400.572839506173,381.346666666667,416.337283950617,391.794567901235,412.171358024691,393.58962962963,431.578765432099,409.920493827161,438.68987654321,417.655802469136,148.890864197531,148.268148148148,149.236049382716,148.547160493827,147.021728395062,147.886419753086,147.266172839506,149.694814814815,148.240987654321,148.395555555556,149.762469135802,149.332839506173,151.215308641975,151.056296296296,153.173333333333,152.888888888889,161.275061728395,155.818271604938,162.614320987654,164.966419753086
419.950617283951,400.756049382716,416.467160493827,396.693827160494,400.567901234568,384.877530864198,411.960987654321,398.580740740741,386.810864197531,371.285432098765,403.681481481481,383.717530864198,419.12987654321,394.011851851852,414.298271604938,395.192098765432,433.833580246914,410.611358024691,440.378765432099,418.555061728395,150.294814814815,148.990617283951,150.472592592593,148.982222222222,148.148148148148,148.897777777778,147.662716049383,150.377777777778,149.748641975309,149.686419753086,150.98024691358,150.704691358025,152.925925925926,152.016790123457,156.643456790123,156.994074074074,168.604938271605,162.303209876543,170.96987654321,175.946666666667
423.672592592593,403.371851851852,419.654814814815,400.313580246914,401.025185185185,386.514074074074,414.35950617284,400.263209876543,389.037530864198,373.621728395062,404.000493827161,384.644938271605,419.359012345679,394.565925925926,415.926913580247,397.676543209877,435.835555555556,413.143209876543,442.364938271605,421.431604938272,150.344197530864,149.816790123457,151.936296296296,150.374814814815,148.216296296296,149.60987654321,148.162962962963,152.002962962963,150.748148148148,150.263209876543,152.787654320988,151.624197530864,155.897283950617,154.288395061728,161.764938271605,161.163950617284,181.79950617284,171.375308641975,184.322962962963,191.86962962963
426.593086419753,406.591111111111,422.064691358025,402.480987654321,403.203456790124,388.613827160494,414.117037037037,400.988641975309,389.788148148148,375.311604938272,406.169382716049,386.517037037037,422.087407407407,395.886913580247,417.397530864198,398.25037037037,438.35012345679,414.204444444444,442.413333333333,422.840987654321,151.83950617284,151.014320987654,152.737777777778,151.360493827161,149.557530864198,151.267160493827,149.036049382716,153.902716049383,152.404938271605,152.323456790123,154.866666666667,153.581234567901,159.354074074074,158.036049382716,168.426666666667,168.44,199.453827160494,184.337283950617,201.423703703704,214.625679012346
429.470617283951,410.452345679012,425.785679012346,404.873086419753,405.271604938272,391.354567901235,417.457777777778,403.707654320988,391.28987654321,376.171358024691,410.06024691358,389.447901234568,424.04,397.845432098765,418.534814814815,400.30962962963,440.770864197531,417.105185185185,446.776296296296,425.015802469136,153.372839506173,153.135802469136,154.713580246914,153.759012345679,150.921481481482,153.760493827161,150.616790123457,155.982716049383,154.043950617284,154.274567901235,157.381728395062,155.888888888889,163.944197530864,163.720987654321,179.816296296296,179.566913580247,224.621234567901,201.845925925926,226.217283950617,243.945679012346
435.89975308642,415.183703703704,429.592098765432,408.589135802469,408.037530864198,393.900740740741,418.24,406.482469135803,392.640987654321,378.537777777778,409.807901234568,389.589135802469,426.007407407407,399.633086419753,421.113086419753,402.400493827161,442.624197530864,417.186666666667,448.133827160494,427.487407407407,155.754567901235,154.165925925926,156.913086419753,155.001481481481,152.02962962963,155.552592592593,151.812839506173,158.998518518519,156.74024691358,156.616296296296,160.927407407407,159.806913580247,171.232098765432,170.797037037037,195.072592592593,195.418271604938,259.125432098765,225.72049382716,259.146666666667,283.636049382716
442.516049382716,420.095308641975,435.453333333333,414.433580246914,410.008888888889,397.678518518519,420.366419753086,408.99012345679,396.202962962963,380.634567901235,413.285432098765,392.510617283951,428.340740740741,402.325925925926,423.270617283951,404.333827160494,447.651851851852,418.620740740741,450.784691358025,429.154074074074,159.085925925926,157.28,160.21037037037,158.882469135802,155.035061728395,158.611358024691,152.973827160494,163.200493827161,160.033086419753,160.250864197531,167.061728395062,165.401481481481,182.385185185185,182.855802469136,217.444444444444,218.822716049383,308.523950617284,260.415802469136,302.405432098765,337.158024691358
451.261728395062,429.451851851852,442.313086419753,419.364444444444,413.302222222222,402.267654320988,421.538765432099,413.20987654321,398.445925925926,384.279012345679,415.104197530864,393.575802469136,430.672098765432,404.232098765432,425.185185185185,406.82024691358,448.761481481482,421.096790123457,452.195555555556,431.822716049383,161.672098765432,160.801481481482,163.943703703704,162.116543209877,157.317037037037,162.481481481482,155.601975308642,167.799012345679,165.523950617284,166.111111111111,175.182716049383,174.108641975309,198.8,199.200493827161,249.542716049383,252.544691358025,376.787160493827,306.893333333333,361.098765432099,409.534320987654
460.680493827161,439.093333333333,450.306666666667,426.266172839506,417.982222222222,408.607407407407,424.305185185185,418.456790123457,402.579259259259,387.296790123457,419.06962962963,397.517530864198,433.708641975309,408.130864197531,428.949135802469,411.386172839506,453.972839506173,424.354074074074,454.976790123457,436.235555555556,166.526913580247,164.551111111111,169.671604938272,167.401481481481,161.210864197531,168.306172839506,158.654814814815,174.558024691358,172.40987654321,173.53975308642,186.675555555556,184.547654320988,220.378765432099,221.709135802469,292.04987654321,297.028641975309,462.688888888889,365.31950617284,433.398024691358,499.574320987654
472.927901234568,451.180740740741,461.98024691358,437.768395061728,423.19950617284,415.617777777778,427.987160493827,424.38024691358,405.763950617284,391.946172839506,423.385185185185,401.278518518519,437.014814814815,412.79950617284,432.651851851852,416.231111111111,457.931851851852,428.253827160494,458.531358024691,439.104691358025,171.217777777778,169.555061728395,175.374814814815,173.358518518519,165.267654320988,175.089382716049,162.976296296296,183.658271604938,181.879012345679,183.357037037037,203.583703703704,201.282962962963,251.920493827161,254.725925925926,354.852839506173,362.230617283951,578.606419753087,445.665185185185,528.846419753086,617.520493827161
489.862716049383,465.624691358025,475.533333333333,451.801481481481,430.361975308642,425.092345679012,429.832592592593,431.176790123457,412.146172839506,396.535802469136,428.231111111111,405.550617283951,442.279012345679,416.311111111111,437.068148148148,418.612839506173,462.833580246914,431.684444444444,462.913580246914,442.342716049383,178.520493827161,175.818271604938,184.192098765432,181.055802469136,170.531851851852,183.41975308642,167.705679012346,195.392592592593,194.057283950617,197.438024691358,226.040493827161,223.248888888889,294.884444444444,299.801975308642,436.237530864198,448.927407407407,729.374814814815,547.851358024691,645.961975308642,763.462222222222
509.655802469136,486.341234567901,493.70962962963,466.864197530864,437.303703703704,437.480987654321,436.031111111111,442.57037037037,418.628148148148,404.628641975309,433.999012345679,412.134320987654,449.480493827161,423.168395061728,442.921975308642,426.271111111111,470.325925925926,435.876049382716,466.772839506173,447.460740740741,187.203456790123,185.275555555556,194.689382716049,191.083950617284,178.426172839506,195.323456790123,175.156049382716,211.972839506173,212.555555555556,217.476049382716,257.949135802469,255.436049382716,356.371358024691,364.674074074074,550.262222222222,566.615802469136,917.596543209877,678.46962962963,795.824197530864,945.355061728395
533.913580246914,509.152592592593,515.767407407407,488.494320987654,449.144691358025,452.96987654321,441.42962962963,456.885925925926,427.726419753086,414.721481481482,442.194567901235,419.405432098765,457.850864197531,430.45037037037,451.066172839506,432.49975308642,478.524938271605,441.343703703704,471.745679012346,454.217283950617,197.423703703704,194.831604938272,206.960493827161,203.361481481482,186.683456790123,207.981728395062,183.368395061728,230.026172839506,238.037530864198,243.942716049383,304.038024691358,300.081481481482,443.605432098765,454.607901234568,700.827160493827,727.358518518519,1159.38716049383,845.737777777778,975.939259259259,1166.53382716049
566.646419753086,540.338765432099,543.505679012346,516.665185185185,461.421728395062,474.535308641975,448.172839506173,474.228641975309,438.953580246914,426.505679012346,452.694320987654,428.272098765432,465.371358024691,440.025679012346,459.660740740741,443.005925925926,486.992098765432,447.835061728395,478.601481481481,460.78024691358,212.704691358025,208.562962962963,224.934320987654,219.899259259259,198.903209876543,227.112592592593,196.303209876543,259.904691358025,272.166913580247,281.565432098765,372.107160493827,364.979259259259,567.933827160494,586.053827160494,911.280493827161,948.814814814815,1475.21086419753,1066.42864197531,1212.46765432099,1457.32691358025
608.818765432099,579.860740740741,585.092839506173,553.533827160494,480.566419753086,501.030617283951,459.242962962963,498.831604938272,454.891358024691,442.104197530864,466.211358024691,441.745679012346,477.035555555556,451.013333333333,469.848395061728,454.214814814815,500.197530864198,455.597037037037,486.046419753086,470.737777777778,229.238024691358,223.741234567901,244.821234567901,240.068641975309,213.094320987654,249.896296296296,211.762962962963,296.41037037037,319.932839506173,332.593086419753,459.895308641975,450.653333333333,730.34962962963,754.597037037037,1169.22172839506,1222.32049382716,1847.72,1329.89135802469,1481.84888888889,1788.57728395062
660.567901234568,631.414814814815,632.863209876543,601.394567901235,504.741234567901,538.509135802469,472.057777777778,526.703703703704,473.167901234568,461.777283950617,482.218271604938,456.214320987654,491.275555555556,464.528888888889,483.645432098765,468.110617283951,513.111604938272,466.027654320988,494.615802469136,481.479012345679,247.921481481482,242.387160493827,267.760493827161,261.788641975309,229.841975308642,276.257283950617,230.179259259259,340.547654320988,387.728888888889,405.085925925926,589.280987654321,574.067654320988,964.864691358025,996.696296296296,1530.05481481481,1596.5150617284,2339.39012345679,1690.64987654321,1851.8750617284,2233.93530864198
730.927901234568,698.648888888889,700.135802469136,666.015308641975,535.104197530864,588.886913580247,488.889382716049,570.745679012346,498.556049382716,487.817777777778,502.738271604938,475.195555555556,510.243950617284,481.558024691358,500.524938271605,484.548148148148,529.197530864198,476.64,504.394074074074,492.960493827161,274.432592592593,268.540740740741,300.253827160494,293.946666666667,255.114074074074,315.144197530864,260.42024691358,404.987160493827,477.04,497.731851851852,758.24987654321,734.023703703704,1264.37481481481,1302.52790123457,1964.24148148148,2043.63802469136,2914.93234567901,2115.51259259259,2279.40691358025,2741.60691358025
820.368888888889,785.391111111111,788.67950617284,750.746666666667,577.721481481482,657.214320987654,510.040987654321,625.711111111111,531.492345679012,522.140740740741,529.42962962963,499.604938271605,531.792592592593,502.428148148148,518.672592592593,504.843950617284,547.544197530864,489.457777777778,515.987160493827,508.061234567901,303.092839506173,294.45975308642,335.207901234568,329.324938271605,282.677037037037,355.347654320988,296.006913580247,478.710617283951,587.516543209877,611.536790123457,972.591604938272,933.194567901235,1637.76839506173,1678.83160493827,2484.13827160494,2566.44049382716,3564.76148148148,2612.58222222222,2786.38271604938,3328.45234567901
938.091358024691,901.660740740741,909.850864197531,867.836543209877,633.26962962963,744.844444444444,538.749135802469,702.353086419753,572.68,567.605432098765,561.147654320988,525.965925925926,555.703703703704,526.446913580247,541.242469135803,527.142222222222,566.237530864198,504.727407407407,529.413333333333,521.469135802469,332.697283950617,323.920493827161,371.73975308642,365.381728395062,315.530864197531,402.593086419753,339.357530864198,564.654320987654,726.513086419753,751.958024691358,1232.97037037037,1175.5175308642,2086.37234567901,2115.08049382716,3077.49580246914,3142.91358024691,4300.62469135802,3199.40345679012,3388.27901234568,3988.55012345679
1100.51111111111,1057.04395061728,1081.04,1030.40740740741,711.109135802469,868.13975308642,578.981234567901,800.947654320988,624.424197530864,618.931851851852,592.764444444444,555.350617283951,582.991111111111,551.980740740741,565.451358024691,550.397037037037,591.183703703704,522.081975308642,545.82962962963,541.752098765432,367.941728395062,358.770864197531,416.33975308642,410.592098765432,359.181728395062,459.155555555556,400.573333333333,672.534320987654,893.71012345679,915.038518518519,1534.04148148148,1466.59604938272,2598.31160493827,2591.39308641975,3719.10469135803,3735.89382716049,5079.42716049383,3878.11654320988,4086.13975308642,4713.12098765432
1297.83950617284,1253.6987654321,1288.43308641975,1233.50617283951,812.466172839506,1020.2637037037,629.261728395062,921.067160493827,682.804444444445,676.983209876543,627.307654320988,584.599012345679,612.841975308642,575.977283950617,590.381728395062,574.566419753086,617.169382716049,542.003456790123,563.657283950617,562.786172839506,398.683456790123,387.419259259259,458.85975308642,454.041481481481,407.566419753086,521.171851851852,474.428641975309,785.534320987654,1074.75160493827,1090.05679012346,1848.78617283951,1778.42864197531,3102.31407407407,3049.95209876543,4309.36493827161,4281.42864197531,5772.52197530864,4554.8562962963,4778.76790123457,5380.44
1548.38716049383,1492.58666666667,1539.68148148148,1482.24691358025,945.363456790124,1204.91802469136,695.121975308642,1056.74518518519,748.184197530864,736.448395061728,661.058765432099,615.092839506173,642.637530864198,602.370864197531,617.707160493827,599.637037037037,644.335802469136,564.361975308642,586.457283950617,584.246913580247,431.742222222222,419.594567901235,505.133827160494,499.91950617284,467.801481481481,592.963950617284,567.205925925926,916.254814814815,1291.95604938272,1298.85530864198,2216.05382716049,2158.16197530864,3672.9975308642,3567.1412345679,4956.99160493827,4874.9224691358,6517.69728395062,5335.90567901235,5574.00049382716,6115.01975308642
1820.46320987654,1752.48543209877,1815.73925925926,1750.64839506173,1106.69580246914,1408.39259259259,775.868641975309,1195.54074074074,810.288395061728,790.205432098765,691.134814814815,641.098271604938,669.901728395062,627.755061728395,643.953086419753,625.064691358025,670.575802469136,588.047901234568,609.146666666667,607.678024691358,465.440493827161,451.199012345679,556.175308641975,547.734320987654,537.643950617284,671.972839506173,684.671604938272,1058.1575308642,1533.04148148148,1528.55654320988,2609.53333333333,2566.49333333333,4242.51604938272,4089.23456790123,5595.79358024691,5452.42222222222,7228.62074074074,6127.27703703704,6355.34913580247,6805.56049382716
2118.86271604938,2037.75654320988,2121.25679012346,2039.0962962963,1302.89382716049,1633.71950617284,872.807901234568,1339.52641975309,865.030617283951,840.733333333333,717.193580246914,667.735802469136,698.4,652.882469135803,669.451358024691,648.386172839506,697.29975308642,613.198024691358,633.137777777778,630.242962962963,496.089382716049,481.349135802469,610.504691358025,596.494320987654,616.044444444445,751.908148148148,822.334320987654,1210.46271604938,1824.23555555556,1806.13580246914,3078.82716049383,3050.99851851852,4899.44197530864,4687.3787654321,6322.09679012346,6124.23604938272,8027.79308641975,7039.9575308642,7222.90469135803,7559.8237037037
2421.94814814815,2317.50222222222,2433.20296296296,2325.98617283951,1522.72197530864,1858.2750617284,980.989135802469,1478.58271604938,916.303209876543,887.071111111111,742.867654320988,694.211358024691,721.743209876543,671.85037037037,690.82024691358,667.246419753087,719.559012345679,636.616790123457,656.716543209877,652.595061728395,531.623703703704,515.813333333333,670.181234567901,649.355555555556,707.696296296296,845.034567901235,992.693333333333,1385.08197530864,2120.80098765432,2088.64987654321,3541.79012345679,3525.17728395062,5520.95111111111,5263.74172839506,6980.93728395062,6738.68148148148,8733.10567901235,7870.11160493827,7972.4,8202.80493827161
2720.86716049383,2603.70617283951,2758.50518518519,2619.43604938272,1756.62320987654,2086.25679012346,1098.89382716049,1614.96641975309,964.14024691358,929.374814814815,765.917037037037,715.708641975309,745.365432098765,695.285925925926,714.81975308642,688.434074074074,743.816296296296,662.147654320988,680.245925925926,672.962962962963,575.112098765432,557.475061728395,740.724444444444,714.641975308642,819.320493827161,955.516049382716,1204.05135802469,1590.77234567901,2453.46617283951,2405.57925925926,4045.60641975309,4028.97728395062,6184.27111111111,5870.5012345679,7662.00740740741,7386.8562962963,9465.90814814815,8719.99654320988,8734.67259259259,8849.05679012346
3021.61135802469,2885.63061728395,3088.12444444444,2905.84345679012,1999.38716049383,2313.35407407407,1220.00296296296,1747.85432098765,1007.63209876543,969.626172839506,787.370864197531,737.38024691358,767.885925925926,715.091358024691,734.683456790124,706.865185185185,765.389135802469,683.226172839506,704.512592592593,692.982222222222,612.926419753086,594.957530864198,806.346172839506,774.966913580247,929.774814814815,1059.45234567901,1431.51308641975,1796.53234567901,2803.78617283951,2736.85185185185,4572.23604938272,4547.71111111111,6860.47259259259,6498.71061728395,8363.41530864198,8038.8212345679,10215.8987654321,9548.51160493827,9487.76197530864,9505.38320987654
3322.50419753086,3179.62913580247,3419.26320987654,3206.0237037037,2252.55308641975,2541.49432098765,1347.76987654321,1876.21234567901,1045.80345679012,1001.31901234568,806.380740740741,757.772839506173,786.262716049383,731.744197530864,752.974814814815,723.661234567901,783.711111111111,704.76987654321,725.885925925926,710.233086419753,649.615802469136,627.932345679012,869.26962962963,834.141728395062,1042.49580246914,1160.10962962963,1669.55901234568,2002.06271604938,3141.38765432099,3054.08444444444,5052.71604938272,5020.24345679012,7460.14666666667,7054.07851851852,8944.84839506173,8600.19703703704,10834.4024691358,10236.68,10100.4641975309,10059.6582716049
3603.55358024691,3442.51654320988,3707.85728395062,3463.87456790123,2490.00543209877,2742.81580246914,1464.26567901235,1978.1387654321,1079.06469135802,1029.23308641975,826.844444444444,775.347160493827,807.773827160494,749.99950617284,772.041975308642,741.117530864198,802.31012345679,724.983209876543,746.59012345679,728.588148148148,688.974320987654,667.117037037037,938.016296296296,896.382716049383,1165.61777777778,1276.85827160494,1944.55407407407,2232.48,3582.87407407407,3473.66666666667,5694.01777777778,5643.55604938272,8281.77925925926,7803.78864197531,9796.46864197531,9404.19160493827,11766.7372839506,11191.3145679012,10995.6335802469,10891.8335802469
3906.34666666667,3721.41432098765,4018.49135802469,3743.23209876543,2742.85432098765,2950.75555555556,1584.41333333333,2083.06666666667,1106.05037037037,1051.55654320988,842.572345679012,789.373333333333,824.567901234568,763.977283950617,786.603456790124,753.619259259259,818.584691358025,743.153580246914,765.506172839506,744.104197530864,737.975308641975,714.076543209877,1018.19358024691,975.683950617284,1314.08839506173,1414.51654320988,2269.5975308642,2509.63851851852,4001.58666666667,3870.61135802469,6280.95160493827,6209.66074074074,8999.80790123457,8469.00790123457,10522.5767901235,10088.4390123457,12554.9743209877,11989.4641975309,11756.1313580247,11593.7930864198
4183.47012345679,3987.04987654321,4295.18716049383,3996.34074074074,2981.78518518519,3141.80197530864,1696.88790123457,2169.18864197531,1126.84345679012,1070.31555555556,857.240493827161,806.578765432099,840.56987654321,778.19012345679,801.254320987654,768.436543209877,834.402962962963,760.23950617284,783.722469135803,758.132345679012,783.549135802469,757.35950617284,1095.20938271605,1048.98320987654,1461.22469135802,1544.79654320988,2606.71209876543,2783.75703703704,4445.10024691358,4281.28888888889,6892.04197530864,6802.82469135803,9728.12691358025,9132.81679012346,11268.2533333333,10788.0898765432,13366.1362962963,12803.2918518519,12532.1466666667,12331.9634567901
4428.44740740741,4217.52888888889,4536.44296296296,4212.56641975309,3189.90666666667,3296.7224691358,1791.00888888889,2232.92296296296,1149.96493827161,1087.11209876543,873.037037037037,819.900740740741,857.855308641975,794.137777777778,816.411358024691,781.494320987654,851.327901234568,774.404938271605,801.251358024691,772.851358024691,824.945185185185,797.153580246914,1169.3787654321,1120.79851851852,1606.13975308642,1673.93333333333,2948.68938271605,3059.96592592593,4918.16,4719.77679012346,7531.14617283951,7418.86666666667,10503.0735802469,9845.25777777778,12054.2839506173,11523.1777777778,14214.9945679012,13647.5338271605,13361.4167901235,13132.547654321
4685.78814814815,4465.42765432099,4790.83160493827,4440.1550617284,3408.44938271605,3461.72592592593,1888.48691358025,2295.84493827161,1162.15703703704,1096.61283950617,887.380740740741,832.723950617284,870.659259259259,804.841481481482,831.47012345679,794.977777777778,866.691358024691,790.611358024691,817.781728395062,786.779259259259,861.651358024691,830.847407407407,1234.62419753086,1184.09580246914,1742.80987654321,1801.83160493827,3286.67851851852,3329.7762962963,5340.3975308642,5117.85925925926,8078.76197530864,7943.55901234568,11134.0869135802,10426.8088888889,12698.4790123457,12122.6824691358,14891.8004938272,14328.0365432099,14032.5960493827,13756.8632098765
4915.54617283951,4674.54320987654,5002.94814814815,4633.76691358025,3588.97333333333,3592.33135802469,1962.53234567901,2335.26765432099,1172.89481481481,1107.09679012346,898.282962962963,845.827654320988,884.548148148148,816.072592592593,843.81975308642,805.862222222222,877.885925925926,802.862222222222,832.226172839506,800.128888888889,913.784197530864,884.243456790123,1325.59407407407,1271.80395061728,1915.84543209877,1964.95604938272,3714.81728395062,3679.20691358025,5889.20197530864,5633.86518518519,8803.7624691358,8641.87209876543,12010.8538271605,11233.2617283951,13595.175308642,12973.8518518519,15884.7545679012,15288.6148148148,15003.6,14678.0474074074
5092.70864197531,4853.68938271605,5161.62913580247,4786.57086419753,3734.96049382716,3688.9387654321,2020.65333333333,2357.0375308642,1181.92345679012,1113.45086419753,907.246913580247,854.439012345679,897.074074074074,826.576790123457,851.912098765432,815.24,886.974814814815,815.71950617284,844.559012345679,809.883456790123,956.477530864198,926.123950617284,1404.62074074074,1347.14567901235,2077.14469135803,2113.15259259259,4114.70518518519,3999.22864197531,6417.69481481482,6122.63802469136,9472.06074074074,9260.49382716049,12790.7185185185,11946.5135802469,14386.7298765432,13688.3614814815,16698.8424691358,16097.1417283951,15831.2513580247,15452.1925925926
5309.36691358025,5043.61975308642,5355.02913580247,4958.01481481482,3888.19456790123,3798.69234567901,2080.03160493827,2383.78814814815,1190.91160493827,1119.22962962963,920.901234567901,866.607407407407,908.834074074074,836.75012345679,864.573827160494,824.148641975309,897.572839506173,827.102222222222,858.091851851852,820.760493827161,994.872592592593,963.014814814815,1474.26864197531,1415.51061728395,2219.78074074074,2252.22320987654,4500.28938271605,4306.93530864198,6962.42814814815,6623.3975308642,10136.9175308642,9897.88,13569.8261728395,12643.5274074074,15145.1654320988,14396.5935802469,17521.9817283951,16893.6088888889,16668.7871604938,16218.2859259259
5463.9012345679,5190.81827160494,5491.0562962963,5081.72148148148,3997.28790123457,3870.61382716049,2115.64098765432,2386.97086419753,1193.13580246914,1121.17580246914,929.374320987654,874.511604938272,918.460740740741,845.596543209877,872.726419753087,832.167407407407,908.937283950617,838.577777777778,867.643456790123,828.366419753087,1050.94271604938,1017.14814814815,1570.24098765432,1515.46765432099,2410.97925925926,2440.53580246914,5004.34271604938,4714.4824691358,7496.87456790123,7124.53382716049,10790.7377777778,10519.8533333333,14303.0622222222,13326.8241975309,15838.9362962963,15054.3254320988,18246.9249382716,17609.3120987654,17435.7935802469,16929.9328395062
5627.2187654321,5345.9175308642,5627.51209876543,5208.98271604938,4099.47358024691,3942.17728395062,2148.53481481482,2391.78962962963,1200.25728395062,1126.26864197531,938.341234567901,883.845432098765,926.552098765432,855.94024691358,883.535308641975,840.091851851852,917.985679012346,847.49037037037,878.736790123457,839.627160493827,1097.14074074074,1060.60691358025,1658.6962962963,1599.71851851852,2591.39703703704,2613.78913580247,5465.6612345679,5093.33925925926,7981.34172839506,7578.79901234568,11354.0222222222,11043.6133333333,14915.077037037,13865.7748148148,16395.9590123457,15551.757037037,18795.7728395062,18155.8103703704,18045.2261728395,17448.3348148148
5738.88641975309,5439.79456790124,5716.62567901235,5287.37728395062,4159.10567901235,3971.8,2156.53925925926,2377.61728395062,1200.15604938272,1127.7437037037,946.336296296296,891.731358024691,936.053333333333,862.024691358025,891.139259259259,848.680493827161,926.194074074074,857.386666666667,887.777777777778,847.816790123457,1144.49333333333,1104.66814814815,1747.18172839506,1683.55012345679,2769.32987654321,2789.63259259259,5932.7950617284,5473.27654320988,8613.26172839506,8164.33185185185,12132.5575308642,11767.5451851852,15755.0691358025,14621.2335802469,17199.344691358,16292.6024691358,19640.3397530864,18977.2439506173,18921.6903703704,18249.7525925926
5885.05580246914,5571.16395061728,5830.58222222222,5396.65086419753,4234.72543209877,4024.51308641975,2173.8162962963,2376.44888888889,1203.09283950617,1132.54074074074,957.264691358025,900.627160493827,947.142716049383,870.741234567901,898.971358024691,858.48,938.412839506173,868.783703703704,897.90024691358,857.22962962963,1195.53975308642,1155.45679012346,1843.11111111111,1780.70913580247,2968.49037037037,2982.91358024691,6449.40691358025,5902.19358024691,9184.46518518519,8694.08345679012,12794.7338271605,12402.9027160494,16445.1274074074,15244.2039506173,17832.9911111111,16864.4360493827,20263.4182716049,19607.7032098765,19627.8928395062,18880.5150617284
5995.46913580247,5674.33185185185,5919.63802469136,5477.23604938272,4290.27061728395,4052.40493827161,2181.3362962963,2363.8162962963,1205.15604938272,1129.92395061728,964.641481481482,907.192592592593,955.523456790123,880.059259259259,910.288395061728,863.547654320988,947.466666666667,877.843456790124,906.933333333333,866.001481481482,1247.58469135802,1202.79160493827,1940.37135802469,1876.84641975309,3175.81086419753,3188.33530864198,6978.72790123457,6341.38617283951,9666.5362962963,9140.04493827161,13318.2414814815,12870.8538271605,16931.9767901235,15681.2385185185,18247.8933333333,17242.3224691358,20669.6582716049,19976.7738271605,20077.2651851852,19269.5585185185
6092.17481481481,5764.4637037037,5983.46864197531,5536.82814814815,4316.78518518519,4061.65679012346,2174.90074074074,2343.27061728395,1208.2350617284,1133.52641975309,971.93037037037,914.096790123457,967.019259259259,886.415308641975,918.630617283951,873.782222222222,958.017283950617,888.421234567901,915.131358024691,872.699259259259,1296.46469135802,1254.07802469136,2034.97975308642,1969.42617283951,3379.1575308642,3386.42666666667,7483.88049382716,6762.65580246914,10328.4716049383,9751.41975308642,14076.0587654321,13579.3881481481,17716.9481481482,16374.3990123457,18969.9318518519,17900.6533333333,21422.5935802469,20715.2760493827,20877.8765432099,19975.5041975309
6179.7837037037,5858.52641975309,6047.23950617284,5593.67950617284,4338.39259259259,4069.57283950617,2165.94716049383,2328.20641975309,1210.64987654321,1134.94913580247,978.656790123457,922.761481481482,972.77037037037,895.984691358025,926.412345679012,882.85975308642,965.534814814815,898.051358024691,926.634567901235,882.594567901235,1341.18074074074,1296.78222222222,2118.59358024691,2052.24790123457,3565.83308641975,3576.05679012346,7947.07358024691,7153.39802469136,10893.4439506173,10269.5239506173,14661.5797530864,14121.1856790123,18254.1318518519,16874.5901234568,19462.3007407407,18355.2148148148,21915.147654321,21205.5659259259,21411.772345679,20470.0444444444
6313.31654320988,5972.52543209877,6138.14172839506,5671.48987654321,4378.68987654321,4093.6375308642,2167.6637037037,2317.56592592593,1205.95901234568,1131.81283950617,981.754567901235,925.04987654321,978.311111111111,901.442962962963,934.776790123457,887.799012345679,972.370864197531,904.106172839506,934.171358024691,888.510617283951,1416.84839506173,1371.34222222222,2255.2,2187.43259259259,3847.71111111111,3858.08839506173,8595.26271604938,7707.60641975309,11444.3491358025,10766.8197530864,15204.4928395062,14623.5140740741,18765.7856790123,17330.4903703704,19907.4182716049,18755.1891358025,22354.6844444444,21628.0143209877,21882.9037037037,20882.6834567901
6392.95654320988,6067.40740740741,6187.27407407407,5716.00592592593,4383.85283950617,4084.44938271605,2158.18074074074,2298.75259259259,1211.92345679012,1134.73975308642,991.640493827161,933.008395061728,988.728395061728,909.753580246914,943.174320987654,898.141234567901,982.879012345679,916.236543209877,942.993580246914,899.452839506173,1482.40987654321,1439.05382716049,2380.69481481482,2306.16641975309,4108.52098765432,4122.52888888889,9193.34024691358,8214.52592592593,12000.5738271605,11284.0301234568,15755.790617284,15138.2903703704,19285.7545679012,17802.1550617284,20386.5496296296,19191.3239506173,22830.6409876543,22125.0232098765,22391.1150617284,21353.495308642
6499.24444444444,6160.0612345679,6244.21728395062,5767.68987654321,4392.11259259259,4073.65333333333,2148.39456790123,2282.32,1214.49975308642,1136.91061728395,1003.12493827161,940.057777777778,999.554074074074,919.38962962963,953.683456790124,907.755555555556,994.05975308642,925.72987654321,954.710617283951,907.024197530864,1553.91604938272,1507.64197530864,2503.41283950617,2425.21432098765,4387.57234567901,4381.27950617284,9758.67111111111,8696.47901234568,12564.6893827161,11803.3412345679,16302.2972839506,15633.9451851852,19788.7002469136,18256.7585185185,20838.3007407407,19633.9797530864,23330.5298765432,22616.3392592593,22910.7002469136,21827.2533333333
6585.45185185185,6244.77777777778,6289.98469135803,5808.98716049383,4390.06666666667,4061.76641975309,2136.80296296296,2265.73728395062,1213.54666666667,1137.89827160494,1010.08098765432,947.653827160494,1007.31407407407,927.802469135802,963.115555555556,916.103209876543,1003.00740740741,933.976296296296,959.225185185185,915.108148148148,1613.52098765432,1566.11209876543,2609.19654320988,2529.1575308642,4623.46913580247,4613.24790123457,10243.3802469136,9095.7649382716,13106.3041975309,12296.2498765432,16812.9782716049,16108.7081481481,20273.627654321,18705.6908641975,21290.4725925926,20040.2691358025,23779.2148148148,23071.5792592593,23381.9224691358,22261.5762962963
6670.11407407407,6323.50271604938,6346.41382716049,5852.04296296296,4384.74617283951,4047.04049382716,2127.95654320988,2251.67358024691,1219.46666666667,1140.92592592593,1018.24197530864,956.253827160494,1019.36148148148,936.087901234568,973.836543209877,924.187160493827,1011.8212345679,944.26024691358,972.117530864198,922.801481481482,1701.17333333333,1650.35901234568,2765.63703703704,2684.21432098765,4952.36543209877,4931.59061728395,10871.2933333333,9634.41234567901,13515.8424691358,12661.9674074074,17156.2098765432,16413.6859259259,20561.1056790123,18954.722962963,21533.0577777778,20236.0064197531,23999.1950617284,23296.3950617284,23637.6459259259,22487.3614814815
6756.37135802469,6396.79407407407,6392.01679012346,5887.32740740741,4367.73530864198,4024.43604938272,2114.26074074074,2229.4237037037,1221.1150617284,1144.61283950617,1026.29925925926,964.395555555556,1026.19950617284,944.878518518519,980.622716049383,933.153580246914,1021.21827160494,951.453827160494,981.196049382716,932.568395061728,1805.69382716049,1747.94024691358,2942.72395061728,2851.68197530864,5310.28839506173,5280.48839506173,11553.6049382716,10214.1303703704,13884.7679012346,13012.612345679,17463.3960493827,16678.2528395062,20799.5664197531,19176.2785185185,21728.5372839506,20434.2335802469,24212.8256790123,23520.5274074074,23873.830617284,22697.3580246914
6851.64987654321,6470.45827160494,6459.85530864198,5940.40543209877,4363.41481481482,4014.99654320988,2107.53777777778,2224.32691358025,1222.48740740741,1145.27061728395,1035.62320987654,971.272592592593,1036.4350617284,952.641975308642,990.608395061728,942.948148148148,1029.46172839506,960.885432098766,987.921481481482,937.854320987654,1872.82617283951,1808.0775308642,3070.29580246914,2969.27456790123,5573.05827160494,5528.80592592593,11954.9145679012,10547.6661728395,14503.3041975309,13565.5837037037,18086.2054320988,17259.3995061728,21421.5303703704,19725.1550617284,22326.3397530864,20979.8582716049,24848.6656790123,24148.2004938272,24531.1540740741,23301.1624691358
6915.31802469136,6524.05728395062,6509.26172839506,5968.07802469136,4337.53135802469,3985.4612345679,2092.45580246914,2201.93283950617,1226.92839506173,1147.05679012346,1042.37037037037,977.837530864198,1044.43604938272,961.926419753086,997.604444444444,947.155555555556,1036.71209876543,967.379259259259,993.401481481482,945.71012345679,1993.67259259259,1923.29382716049,3296.71407407407,3178.66864197531,5985.87456790123,5938.38222222222,12668.4256790123,11142.4962962963,15126.0962962963,14140.8404938272,18719.984691358,17837.732345679,22045.722962963,20303.6286419753,22937.7264197531,21558.655308642,25511.8227160494,24820.3249382716,25211.6780246914,23940.0162962963
6987.50666666667,6581.75555555556,6563.11851851852,5994.59703703704,4315.97827160494,3955.12395061728,2082.21925925926,2184.49679012346,1227.81037037037,1148.81382716049,1051.34962962963,984.29975308642,1052.07061728395,966.596543209877,1004.72839506173,954.148641975309,1041.52345679012,974.016790123457,1002.07259259259,951.253827160494,2129.15111111111,2045.63358024691,3544.59802469136,3405.53777777778,6443.31703703704,6359.27061728395,13390.7417283951,11747.2069135802,15630.1125925926,14598.070617284,19182.6237037037,18251.0182716049,22498.910617284,20711.5313580247,23360.4093827161,21931.2350617284,25959.990617284,25260.615308642,25670.5501234568,24374.4069135802
7043.47901234568,6623.39654320988,6600.2424691358,6018.26419753086,4285.31901234568,3917.88691358025,2068.5950617284,2166.94864197531,1232.62518518519,1156.77037037037,1059.14814814815,992.10962962963,1064.31111111111,978.299259259259,1013.76098765432,964.072592592593,1052.07703703704,981.127901234568,1010.5412345679,957.827160493827,2251.60148148148,2159.77086419753,3778.49975308642,3621.04493827161,6851.80197530864,6741.44098765432,13973.9728395062,12236.7654320988,16090.8745679012,15029.4054320988,19641.5565432099,18680.3634567901,22937.6869135802,21111.8083950617,23776.7279012346,22311.9679012346,26393.0079012346,25700.0562962963,26124.5343209877,24792.2172839506
7144.83160493827,6710.84493827161,6666.61679012346,6070.60148148148,4279.55259259259,3906.78320987654,2066.94913580247,2160.05234567901,1235.05728395062,1156.61728395062,1066.33728395062,998.507160493827,1071.21283950617,984.813827160494,1020.30518518519,968.614320987654,1057.96740740741,989.01037037037,1015.41530864198,962.015308641975,2369.30567901235,2267.5175308642,4005.46567901235,3827.64395061728,7224.10074074074,7086.67802469136,14446.1797530864,12640.249382716,16223.4419753086,15144.2311111111,19698.6390123457,18705.6232098765,22888.9901234568,21071.3427160494,23682.7733333333,22235.1975308642,26273.0182716049,25597.4790123457,26012.4330864198,24700.3249382716
7229.72296296296,6777.35259259259,6711.14567901235,6100.52049382716,4260.41777777778,3887.63604938272,2060.60345679012,2149.42617283951,1240.02320987654,1161.47654320988,1077.27950617284,1007.13086419753,1078.97827160494,992.930864197531,1027.0024691358,976.630617283951,1063.81777777778,997.640987654321,1023.82617283951,967.920493827161,2539.60543209877,2422.28493827161,4332.92691358025,4125.86074074074,7754.80049382716,7586.25679012346,15187.6883950617,13264.2019753086,17024.9441975309,15860.1511111111,20535.2839506173,19475.8622222222,23764.1130864198,21854.2118518519,24551.8765432099,23041.0424691358,27229.9461728395,26528.9496296296,26992.0212345679,25588.5471604938
7311.2162962963,6852.10567901235,6756.57728395062,6123.83160493827,4249.56938271605,3870.09185185185,2059.53925925926,2142.89975308642,1246.24345679012,1165.88444444444,1087.98419753086,1015.49728395062,1089.05283950617,1001.28148148148,1036.12938271605,981.618765432099,1071.78716049383,1002.94716049383,1030.4637037037,974.185185185185,2701.13086419753,2579.95950617284,4642.29580246914,4414.07160493827,8248.97333333333,8037.39407407407,15807.0296296296,13780.6444444444,17270.3925925926,16098.7343209877,20741.7244444444,19652.4814814815,23915.7698765432,22008.9022222222,24678.5190123457,23160.9590123457,27343.3634567901,26645.8943209877,27116.5032098765,25690.0350617284
7387.72543209877,6920.26024691358,6786.07061728395,6142.8024691358,4223.31654320988,3842.62320987654,2051.4987654321,2134.07407407407,1249.53777777778,1171.26864197531,1093.66419753086,1022.50765432099,1098.81975308642,1009.43950617284,1042.49086419753,988.675555555556,1076.8750617284,1006.16148148148,1033.96987654321,977.654814814815,2832.26469135802,2699.51111111111,4904.97481481482,4656.88888888889,8636.58567901235,8387.77777777778,16192.9901234568,14095.1348148148,17692.4301234568,16495.2656790123,21158.6641975309,20025.0962962963,24311.6740740741,22371.612345679,25045.8444444444,23488.4730864198,27761.5659259259,27034.6938271605,27523.3274074074,26057.6962962963
7465.80839506173,6991.92049382716,6810.68345679012,6154.09086419753,4205.64296296296,3822.19111111111,2048.12197530864,2127.02765432099,1254.94222222222,1175.54222222222,1102.66962962963,1029.08197530864,1105.16987654321,1015.41530864198,1047.14172839506,995.743209876543,1085.43901234568,1014.47061728395,1039.45086419753,983.148148148148,3041.7037037037,2896.27259259259,5307.54024691358,5032.69283950617,9246.03308641975,8938.20444444444,16934.0409876543,14719.5925925926,18146.612345679,16915.3496296296,21611.0607407407,20444.4607407407,24755.3896296296,22762.2355555556,25462.3604938272,23880.0622222222,28178.1422222222,27481.6469135802,27962.0469135803,26478.6360493827
7506.10419753086,7024.54913580247,6794.44148148148,6129.56987654321,4167.77382716049,3780.28395061728,2031.09283950617,2107.35407407407,1258.94814814815,1178.74271604938,1109.35358024691,1037.55851851852,1113.28987654321,1023.12987654321,1053.81234567901,1000.29827160494,1090.02962962963,1018.91259259259,1043.27555555556,989.224691358025,3227.33234567901,3070.16444444444,5664.94666666667,5365.13728395062,9751.30518518519,9397.02320987654,17469.4967901235,15171.2834567901,18717.4612345679,17429.735308642,22178.2898765432,20963.6518518519,25323.4735802469,23307.2360493827,26026.4814814815,24383.5590123457,28784.8967901235,28058.3219753086,28555.5022222222,27027.0898765432
7614.14567901235,7121.03950617284,6843.99654320988,6154.98074074074,4167.1362962963,3774.40296296296,2036.09580246914,2106.43358024691,1263.0237037037,1180.65283950617,1118.95901234568,1044.73333333333,1118.62617283951,1026.28444444444,1059.89135802469,1005.36,1097.91259259259,1024.34617283951,1048.16740740741,992.340740740741,3426.35950617284,3258.54074074074,6056.92197530864,5728.05037037037,10289.7239506173,9876.2162962963,18028.8992592593,15650.464691358,19119.1274074074,17801.9965432099,22594.4261728395,21327.6879012346,25725.5693827161,23626.3535802469,26374.3185185185,24717.7002469136,29138.6819753086,28436.1525925926,28918.0928395062,27358.6069135802
7695.22913580247,7192.14617283951,6873.50765432099,6163.24641975309,4153.94765432099,3753.65086419753,2037.8237037037,2103.6237037037,1267.60444444444,1186.51901234568,1128.12641975309,1051.27160493827,1124.7762962963,1035.82666666667,1065.17086419753,1011.83308641975,1098.43851851852,1027.46666666667,1053.09975308642,994.198024691358,3628.03160493827,3450.92938271605,6463.57086419753,6118.17135802469,10853.3995061728,10377.4933333333,18584.0108641975,16114.0281481481,19522.0325925926,18165.6908641975,22988.0508641975,21689.1037037037,26093.2108641975,23990.270617284,26744.4503703704,25047.7432098765,29507.9204938272,28812.0128395062,29297.0222222222,27705.1091358025
7755.91111111111,7251.93135802469,6868.57530864198,6147.96888888889,4129.09728395062,3720.18419753086,2032.21333333333,2092.2162962963,1274.12592592593,1191.71308641975,1136.05185185185,1059.23407407407,1131.29432098765,1039.44049382716,1071.84296296296,1015.8424691358,1104.56148148148,1036.81679012346,1057.24098765432,1000.1975308642,3802.31950617284,3618.35160493827,6810.4987654321,6450.31111111111,11287.4982716049,10752.4775308642,18915.1975308642,16391.0271604938,19567.7328395062,18211.3333333333,22965.9945679012,21645.0232098765,25995.4454320988,23892.5081481481,26592.8434567901,24910.202962963,29309.2760493827,28641.550617284,29103.362962963,27516.4572839506
7839.70716049383,7318.42765432099,6882.88197530864,6141.63851851852,4111.64740740741,3701.32493827161,2031.59308641975,2089.5812345679,1278.6187654321,1193.61530864198,1141.23851851852,1063.51802469136,1139.57086419753,1042.14962962963,1075.78666666667,1018.97283950617,1107.43160493827,1037.23901234568,1061.05975308642,1002.87950617284,4062.62814814815,3863.07703703704,7321.08839506173,6937.96839506173,11971.4202469136,11351.6686419753,19629.9308641975,17011.3032098765,20297.2928395062,18884.3698765432,23752.7891358025,22375.5555555556,26808.3817283951,24631.1837037037,27386.7491358025,25640.707654321,30166.8,29481.3081481482,29963.2533333333,28285.0879012346
7900.53481481482,7371.17679012346,6880.00345679012,6125.68888888889,4093,3669.94716049383,2029.04790123457,2080.40049382716,1282.24148148148,1196.30716049383,1148.24395061728,1068.49777777778,1145.00938271605,1049.48049382716,1078.02864197531,1022.27456790123,1111.47950617284,1040.54469135802,1064.48938271605,1006.16395061728,4242.38074074074,4042.25086419753,7690.0024691358,7286.95604938272,12408.5496296296,11717.9832098765,19945.0424691358,17263.3120987654,20521.0212345679,19073.3530864198,23935.9466666667,22527.6977777778,26955.8019753086,24772.3259259259,27512.6740740741,25754.7560493827,30279.4355555556,29599.3185185185,30061.5871604938,28385.682962963
7941.94913580247,7409.62074074074,6866.37037037037,6086.54271604938,4054.39654320988,3632.61679012346,2020.71950617284,2064.15555555556,1284.53530864198,1199.72790123457,1154.5175308642,1072.96049382716,1147.49728395062,1053.36938271605,1081.56888888889,1024.01135802469,1113.89283950617,1045.02962962963,1065.48790123457,1007.75160493827,4519.99061728395,4310.29827160494,8227.83901234568,7797.84197530864,13112.4809876543,12322.477037037,20655.9279012346,17870.1649382716,21011.117037037,19516.9871604938,24446.3585185185,22986.0004938272,27466.3911111111,25237.6795061728,27985.7501234568,26180.0419753086,30760.969382716,30086.5496296296,30524.5935802469,28816.6760493827
8019.01234567901,7486.41333333333,6865.12987654321,6082.76691358025,4042.20444444444,3616.33925925926,2019.48790123457,2064.9975308642,1291.38913580247,1206.20691358025,1162.75604938272,1079.82716049383,1154.63259259259,1058.97432098765,1087.76641975309,1029.08444444444,1120.60197530864,1048.23604938272,1071.32395061728,1010.01432098765,4773.9150617284,4548.71012345679,8705.77777777778,8260.79209876543,13709.2948148148,12832.8656790123,21187.575308642,18318.3214814815,21448.6824691358,19923.8167901235,24889.9634567901,23391.1417283951,27888.6597530864,25623.0434567901,28424.3762962963,26584.9397530864,31191.0785185185,30520.6839506173,30954.7945679012,29199.1367901235
8085.40345679012,7536.19950617284,6856.02222222222,6065.00395061728,4020.13481481482,3590.34666666667,2020.15456790123,2061.3412345679,1293.25283950617,1209.76543209877,1168.68148148148,1084.85333333333,1159.66172839506,1062.83012345679,1091.91259259259,1033.82962962963,1124.51358024691,1053.53283950617,1073.81481481481,1014.93679012346,5023.22716049383,4797.12641975309,9151.01432098766,8687.7412345679,14255.3254320988,13300.8538271605,21642.6360493827,18721.932345679,21787.1525925926,20241.0479012346,25229.3525925926,23679.8577777778,28215.7555555556,25912.910617284,28680.1027160494,26826.4059259259,31460.2987654321,30815.1713580247,31216.0795061728,29429.4345679012
8159.65679012346,7605.34271604938,6868.52345679012,6053.02518518519,4018.29481481482,3576.0750617284,2023.20938271605,2059.16148148148,1300.16049382716,1212.38172839506,1174.13679012346,1087.89432098765,1164.47012345679,1065.08691358025,1095.37382716049,1038.42074074074,1127.79555555556,1054.28296296296,1078.22320987654,1017.99851851852,5242.95654320988,5012.7437037037,9531.06419753086,9064.57086419753,14696.5669135802,13663.9777777778,21932.8997530864,18973.6765432099,22148.2138271605,20566.5402469136,25593.4691358025,24007.612345679,28569.6335802469,26213.6192592593,29016.6311111111,27117.08,31785.0997530864,31136.1279012346,31520.2074074074,29705.3609876543
8172.0987654321,7614.6375308642,6812.60839506173,5987.11407407407,3964.90814814815,3523.08592592593,2007.53432098765,2041.25777777778,1302.75111111111,1216.37283950617,1176.05037037037,1094.58271604938,1164.96098765432,1069.26814814815,1098.92395061728,1038.20197530864,1130.91209876543,1057.13580246914,1079.99012345679,1020.9362962963,5456.35061728395,5218.89530864198,9889.71851851852,9416.41580246914,15092.467654321,13970.2133333333,22137.7165432099,19153.6977777778,22267.4632098765,20675.3920987654,25673.8849382716,24074.1397530864,28596.6054320988,26257.8577777778,29011.8172839506,27111.5195061728,31763.837037037,31138.5274074074,31482.0622222222,29658.1303703704
8263.46765432099,7700.12345679012,6835.48049382716,6003.27802469136,3966.44592592593,3519.08,2019.95012345679,2047.92543209877,1306.16839506173,1219.15358024691,1183.09827160494,1098.28641975309,1168.55061728395,1071.20444444444,1098.83703703704,1041.37333333333,1134.21925925926,1057.43654320988,1082.9624691358,1021.6849382716,5846.8237037037,5606.26172839506,10564.3160493827,10048.7441975309,15975.7343209877,14711.0735802469,23075.1767901235,19927.4093827161,22871.0641975309,21234.7397530864,26319.4785185185,24657.4197530864,29229.4237037037,26843.3002469136,29635.0385185185,27703.4918518519,32402.3056790123,31789.3214814815,32082.4192592593,30240.4345679012
8300.90666666667,7731.96296296296,6810.75802469136,5963.80543209877,3947.23308641975,3494.2237037037,2016.28938271605,2039.13432098765,1309.46617283951,1221.81530864198,1188.60148148148,1100.62074074074,1175.43160493827,1077.58913580247,1102.97975308642,1047.73382716049,1135.48098765432,1060.63950617284,1082.79950617284,1025.4237037037,6159.66666666667,5906.1362962963,11070.4651851852,10539.8143209877,16564.1461728395,15198.9407407407,23570.1071604938,20366.5145679012,23020.3209876543,21365.5841975309,26449.3111111111,24759.5896296296,29333.9777777778,26917.5002469136,29684.7135802469,27751.4612345679,32446.2513580247,31851.4725925926,32109.3990123457,30243.4577777778
8349.79802469136,7774.17185185185,6802.58567901235,5936.69679012346,3929.93432098765,3471.86024691358,2016.73530864198,2034.99160493827,1312.03308641975,1225.5787654321,1194.82765432099,1105.52888888889,1177.88049382716,1079.21135802469,1104.8962962963,1048.41037037037,1139.32839506173,1061.3412345679,1085.48197530864,1025.60395061728,6398.38864197531,6136.95851851852,11418.9471604938,10872.6098765432,16938.5664197531,15495.4849382716,23749.6898765432,20534.9679012346,23552.427654321,21858.1827160494,27013.9145679012,25288.8814814815,29910.0696296296,27447.1985185185,30242.2390123457,28249.5417283951,33019.4261728395,32400.6503703704,32668.2409876543,30739.7456790123
8379.26617283951,7808.72691358025,6777.06814814815,5902.62765432099,3913.9575308642,3450.79950617284,2016.23308641975,2031.37234567901,1315.56148148148,1226.42518518519,1196.30666666667,1108.0824691358,1178.50814814815,1081.94765432099,1109.14172839506,1050.15604938272,1140.16197530864,1061.50518518519,1087.03259259259,1027.44938271605,6667.75407407407,6404.64938271605,11809.2869135802,11235.5432098765,17328.7545679012,15803.7841975309,23999.6632098765,20739.3288888889,23856.7832098765,22128.7945679012,27320.7264197531,25540.1807407407,30190.76,27710.3664197531,30504.8948148148,28486.2074074074,33258.6286419753,32675.4602469136,32881.5387654321,30933.2780246914
8423.61333333333,7853.49135802469,6762.16444444445,5881.59802469136,3888.63604938272,3432.49481481481,2018.04444444444,2029.14962962963,1320.05185185185,1230.49580246914,1202.01086419753,1110.99358024691,1183.14172839506,1082.04740740741,1111.21728395062,1052.55901234568,1142.53827160494,1063.11802469136,1092.83209876543,1029.93777777778,7144.46962962963,6862.91950617284,12531.2567901235,11907.2755555556,18206.9743209877,16551.3264197531,24900.1634567901,21524.6577777778,23925.0118518519,22185.1590123457,27362.1037037037,25574.2133333333,30158.2241975309,27682.0543209877,30434.2439506173,28448.8745679012,33172.9920987654,32614.2918518519,32773.517037037,30837.9461728395
8426.42913580247,7856.42716049383,6722.02469135803,5825.07358024691,3859.25185185185,3392.68839506173,2006.42271604938,2017.46469135802,1320.90666666667,1231.16592592593,1202.69975308642,1112.90469135802,1183.66567901235,1085.32444444444,1110.23308641975,1053.73580246914,1141.68641975309,1064.20543209877,1090.73580246914,1031.49530864198,7419.54864197531,7133.97827160494,12910.9061728395,12261.2360493827,18580.9738271605,16827.6528395062,25117.557037037,21683.8686419753,24284.824691358,22529.7595061728,27734.1209876543,25914.9264197531,30554.3792592593,28050.212345679,30811.1165432099,28765.9017283951,33542.695308642,32966.5308641975,33100.4755555556,31122.1456790123
8477.01086419753,7897.21135802469,6712.26024691358,5805.18074074074,3851.75407407407,3379.4750617284,2010.79407407407,2018.55802469136,1324.69185185185,1231.57827160494,1207.0637037037,1116.50567901235,1188.20641975309,1086.25679012346,1113.57086419753,1055.3837037037,1145.99555555556,1064.9975308642,1097.02271604938,1035.17333333333,7855.73481481482,7546.27654320988,13501.7096296296,12817.0167901235,19284.6671604938,17399.5985185185,25758.2237037037,22246.8854320988,24818.0795061728,23005.2143209877,28303.4088888889,26417.8009876543,31114.867654321,28549.4958024691,31337.0992592593,29263.5041975309,34104.7960493827,33533.8079012346,33649.332345679,31608.2009876543
8490.60493827161,7909.3837037037,6674.5575308642,5764.23209876543,3825.03259259259,3352.15703703704,2009.63802469136,2009.89234567901,1326.10617283951,1235.81037037037,1211.03012345679,1119.1012345679,1189.64691358025,1089.54864197531,1114.71950617284,1058.6187654321,1147.0162962963,1066.56493827161,1097.00296296296,1035.60049382716,8200.3387654321,7896.68395061728,13999.4661728395,13268.8118518519,19782.0775308642,17796.5925925926,26148.7911111111,22579.3343209877,25075.2320987654,23236.375308642,28552.8098765432,26643.3264197531,31349.5807407407,28772.2903703704,31553.7091358025,29443.984691358,34299.9743209877,33732.9649382716,33790.0711111111,31764.732345679
8496.51209876543,7918.02962962963,6649.18074074074,5725.20691358025,3802.80197530864,3324.07802469136,2006.1387654321,2000.45185185185,1320.95654320988,1232.16345679012,1209.94024691358,1117.41185185185,1184.9362962963,1088.00049382716,1111.89679012346,1057.01185185185,1144.71160493827,1062.15604938272,1094.13975308642,1035.12691358025,8473.37777777778,8160.86962962963,14326.64,13579.7392592593,20072.5772839506,18028.8948148148,26298.117037037,22706.2019753086,25384.4064197531,23523.8874074074,28880.1461728395,26921.0340740741,31650.1728395062,29019.2844444444,31814.4543209877,29694.2241975309,34554.8044444444,34001.6479012346,34027.5693827161,31969.277037037
8496.38222222222,7933.10765432099,6616.26024691358,5691.04543209877,3784.17234567901,3307.47555555556,2001.10765432099,2000.48148148148,1325.95851851852,1235.57777777778,1214.28148148148,1119.66716049383,1189.02222222222,1088.78716049383,1115.25234567901,1056.78024691358,1146.09086419753,1062.08049382716,1096.49234567901,1036.25827160494,8852.38172839506,8529.22172839506,14838.9925925926,14039.5871604938,20624.7012345679,18448.6745679012,26752.1797530864,23089.6913580247,25697.6641975309,23798.8849382716,29192.6059259259,27196.7372839506,31958.7116049383,29314.4548148148,32094.6869135802,29935.4483950617,34819.9881481482,34266.0488888889,34277.997037037,32162.9185185185
8503.96938271605,7931.84,6592.20049382716,5654.34814814815,3770.84148148148,3291.40641975309,2005.59703703704,1997.28888888889,1329.88345679012,1238.96592592593,1219.50469135802,1121.93432098765,1194.10024691358,1093.46814814815,1116.85432098765,1062.76543209877,1152.17679012346,1066.26666666667,1099.83012345679,1039.47209876543,9199.32,8887.15703703704,15288.0597530864,14452.0079012346,21082.2197530864,18816.5402469136,27111.5259259259,23402.612345679,25776.7950617284,23877.3560493827,29248.0967901235,27249.9017283951,31955.6113580247,29338.8222222222,32099.5960493827,29947.9032098765,34791.1160493827,34243.3935802469,34195.6365432099,32103.8232098765
8492.71160493827,7925.57580246914,6549.45382716049,5609.11111111111,3743.03308641975,3261.43604938272,1999.13481481481,1989.71456790123,1329.19012345679,1237.42469135802,1218.21975308642,1123,1192.17333333333,1092.0612345679,1116.40444444444,1061.95209876543,1149.45580246914,1061.7362962963,1098.22617283951,1039.62074074074,9644.53185185185,9311.58222222222,15896.6108641975,15006.7950617284,21754.0508641975,19342.5669135802,27732.9056790123,23932.0064197531,26030.3466666667,24097.867654321,29513.8671604938,27480.575308642,32204.0237037037,29535.0883950617,32292.4385185185,30118.6844444444,35006.3624691358,34436.4133333333,34360.5698765432,32251.3520987654
8507.07604938272,7934.58172839506,6528.8187654321,5576.15259259259,3734.11259259259,3247.71851851852,2002.43654320988,1986.15061728395,1332.17333333333,1239.73185185185,1219.60444444444,1126.71061728395,1194.31160493827,1096.62074074074,1116.67555555556,1065.28296296296,1153.23851851852,1063.82074074074,1100.3412345679,1042.92,10035.6162962963,9691.91901234568,16389.744691358,15451.4271604938,22265.2474074074,19762.5674074074,28135.5935802469,24289.4079012346,26617.824691358,24651.5654320988,30162.0962962963,28054.2172839506,32860.2419753086,30147.984691358,32939.6558024691,30732.0997530864,35657.855308642,35100.5703703704,34983.7624691358,32813.3298765432
8490.0024691358,7916.08345679012,6490.55456790124,5530.36839506173,3706.34716049383,3220.91209876543,1997.12691358025,1980.12395061728,1333.63851851852,1239.63604938272,1222.98617283951,1128.39209876543,1195.57975308642,1095.52888888889,1119.23259259259,1064.9837037037,1153.57382716049,1062.86716049383,1102.01382716049,1044.69580246914,10407.6809876543,10062.415308642,16864.7372839506,15861.3866666667,22728.8266666667,20137.2207407407,28528.8291358025,24633.722962963,26908.7091358025,24892.4508641975,30456.387654321,28307.3980246914,33132.5866666667,30374.3204938272,33169.3402469136,30929.397037037,35899.0133333333,35315.9501234568,35183.6212345679,32991.6177777778
8471.45333333333,7885.8,6449.89234567901,5486.47111111111,3686.37777777778,3197.67061728395,1991.65728395062,1973.72740740741,1332.76345679012,1241.51950617284,1223.76098765432,1127.02962962963,1194.34617283951,1096.79654320988,1119.96148148148,1066.30962962963,1153.79012345679,1060.7787654321,1101.16740740741,1044.92790123457,10752.9545679012,10405.8804938272,17269.9422222222,16232.6182716049,23150.7990123457,20448.3234567901,28822.2869135802,24900.9269135802,27188.5491358025,25150.8034567901,30718.1911111111,28546.4671604938,33388.6464197531,30641.4582716049,33424.6316049383,31145.2069135803,36126.255308642,35535.8202469136,35386.4849382716,33175.3802469136
8449.67950617284,7885.17037037037,6411.36493827161,5447.29777777778,3670.56740740741,3175.76148148148,1989.72345679012,1965.51012345679,1335.30024691358,1243.1624691358,1224.78172839506,1127.40987654321,1196.48691358025,1097.17728395062,1120.19456790123,1066.42074074074,1155.69728395062,1061.81679012346,1104.83160493827,1048.77679012346,11139.9387654321,10791.7318518519,17744.8518518519,16658.307654321,23633.0903703704,20828.867654321,29230.6404938272,25243.2251851852,27466.7239506173,25414.5822222222,31034.8222222222,28828.7451851852,33675.4375308642,30894.9348148148,33676.8256790124,31394.8019753086,36399.9338271605,35807.8251851852,35612.2874074074,33379.1402469136
8433.9249382716,7860.80888888889,6374.66518518519,5411.23358024691,3653.93432098765,3157.34172839506,1985.76345679012,1960.80888888889,1330.74518518519,1239.61432098765,1223.96839506173,1124.62172839506,1195.04493827161,1094.92839506173,1118.35358024691,1065.3762962963,1152.34074074074,1057.44790123457,1102.13728395062,1045.32888888889,11393.4760493827,11045.6434567901,18003.150617284,16873.5822222222,23827.8725925926,20967.5244444444,29294.0479012346,25294.9239506173,27608.4987654321,25537.0345679012,31150.655308642,28932.4212345679,33774.9703703704,31006.6637037037,33765.3150617284,31490.8720987654,36442.4108641975,35870.5491358025,35642.5377777778,33388.5935802469
8420.44444444445,7846.15950617284,6343.47111111111,5368.72592592593,3634.46814814815,3137.40197530864,1985.45925925926,1958.54962962963,1334.44641975309,1243.17185185185,1231.18666666667,1131.36,1197.82617283951,1098.65925925926,1121.32839506173,1069.11950617284,1157.16641975309,1058.36839506173,1104.29679012346,1047.92592592593,11904.9851851852,11536.3308641975,18649.6474074074,17453.2281481481,24534.0108641975,21537.0424691358,29993.6962962963,25883.1249382716,27952.9422222222,25849.5782716049,31517.4834567901,29257.3624691358,34116.3120987654,31297.7733333333,34079.9308641975,31775.8316049383,36776.0088888889,36162.1185185185,35932.6390123457,33628.095308642
8393.41382716049,7817.76938271605,6300.55111111111,5333.84148148148,3619.70469135803,3119.06962962963,1983.13037037037,1952.01283950617,1335.51604938272,1240.85432098765,1228.65827160494,1130.75851851852,1197.87950617284,1097.55802469136,1122.08938271605,1071.17382716049,1156.38320987654,1057.63209876543,1104.35950617284,1048.82962962963,12265.9130864198,11897.4232098765,19051.6350617284,17819.6533333333,24936.5679012346,21853.3481481481,30305.347654321,26162.0903703704,27966.6469135802,25865.6982716049,31506.6301234568,29232.2760493827,34073.6691358025,31281.6350617284,34018.7758024691,31710.1595061728,36708.0286419753,36054.3525925926,35834.9950617284,33497.1679012346
8352.20790123457,7782.13333333333,6260.91802469136,5286.83604938272,3595.07061728395,3096.40987654321,1975.61530864198,1944.56641975309,1333.1837037037,1237.31308641975,1225.40641975309,1128.27604938272,1195.85530864198,1095.42666666667,1118.99012345679,1069.08790123457,1155.69777777778,1055.68888888889,1100.72641975309,1048.15012345679,12625.7555555556,12263.7713580247,19466.4804938272,18180.2562962963,25360.0034567901,22168.0054320988,30634.5560493827,26452.7841975309,28200.1980246914,26080.7116049383,31764.2454320988,29462.9916049383,34279.5002469136,31458.0883950617,34216.9096296296,31893.6696296296,36890.2681481482,36252.5980246914,35990.2454320988,33652.1585185185
8296.95061728395,7722.64,6195.74222222222,5226.08345679012,3563.05234567901,3064.01432098765,1965.44740740741,1931.98716049383,1334.62419753086,1239.37728395062,1229.70024691358,1132.03604938272,1195.90567901235,1098.01925925926,1120.46172839506,1070.04543209877,1157.14716049383,1053.99111111111,1101.74518518519,1050.82814814815,12852.3007407407,12477.3032098765,19648.5308641975,18337.6014814815,25485.5130864198,22247.1041975309,30635.0938271605,26444.7032098765,28719.7733333333,26547.0834567901,32321.9022222222,29943.6434567901,34866.7595061728,31972.4158024691,34750.4651851852,32374.3595061728,37471.4888888889,36775.5501234568,36532.2908641975,34121.3180246914
8300.62518518519,7721.55012345679,6182.76098765432,5208.37333333333,3564.18716049383,3059.31604938272,1969.8237037037,1935.04,1331.41777777778,1236.9624691358,1227.93432098765,1130.23209876543,1195.1249382716,1096.45530864198,1119.24444444444,1071.66024691358,1157.84049382716,1051.72592592593,1100.19061728395,1052.01728395062,13343.3901234568,12962.9525925926,20257.852345679,18875.0498765432,26156.3940740741,22783.747654321,31260.2281481481,26996.8113580247,28972.1491358025,26782.2340740741,32574.5595061728,30180.2750617284,35112.0133333333,32202.4083950617,35006.9649382716,32585.322962963,37703.7762962963,36961.2009876543,36725.0908641975,34273.7743209877
