Content,ECFP,ECFP,ECFP,ECFP,ECFP,ECFP,ECFP,ECFP,ECFP,ECFP,ECFP,ECFP,ECFP,ECFP,ECFP,ECFP,ECFP,ECFP,ECFP,ECFP,ECFP,ECFP,ECFP,ECFP,ECFP,ECFP,ECFP,ECFP,ECFP,ECFP,ECFP,ECFP,ECFP,ECFP,ECFP,ECFP,ECFP,ECFP,ECFP,ECFP,ECFP,ECFP,ECFP,ECFP,ECFP,ECFP,ECFP,ECFP,ECFP,ECFP,ECFP,ECFP,ECFP,ECFP,ECFP,ECFP,ECFP,ECFP,ECFP,ECFP,ECFP,ECFP,ECFP,ECFP,ECFP,ECFP,ECFP,ECFP,ECFP,ECFP,ECFP,ECFP,ECFP,ECFP,ECFP,ECFP,ECFP,ECFP,ECFP,ECFP,ECFP,ECFP,ECFP,ECFP,ECFP,ECFP,ECFP,ECFP,ECFP,ECFP,ECFP,ECFP,ECFP,ECFP,ECFP,ECFP,ECFP,ECFP,ECFP,ECFP,EYFP,EYFP,EYFP,EYFP,EYFP,EYFP,EYFP,EYFP,EYFP,EYFP,EYFP,EYFP,EYFP,EYFP,EYFP,EYFP,EYFP,EYFP,EYFP,EYFP,EYFP,EYFP,EYFP,EYFP,EYFP,EYFP,EYFP,EYFP,EYFP,EYFP,EYFP,EYFP,EYFP,EYFP,EYFP,EYFP,EYFP,EYFP,EYFP,EYFP,EYFP,EYFP,EYFP,EYFP,EYFP,EYFP,EYFP,EYFP,EYFP,EYFP,EYFP,EYFP,EYFP,EYFP,EYFP,EYFP,EYFP,EYFP,EYFP,EYFP,EYFP,EYFP,EYFP,EYFP,EYFP,EYFP,EYFP,EYFP,EYFP,EYFP,EYFP,EYFP,EYFP,EYFP,EYFP,EYFP,EYFP,EYFP,EYFP,EYFP,EYFP,EYFP,EYFP,EYFP,EYFP,EYFP,EYFP,EYFP,EYFP,EYFP,EYFP,EYFP,EYFP,EYFP,EYFP,EYFP,EYFP,EYFP,EYFP,EYFP,mRFP1,mRFP1,mRFP1,mRFP1,mRFP1,mRFP1,mRFP1,mRFP1,mRFP1,mRFP1,mRFP1,mRFP1,mRFP1,mRFP1,mRFP1,mRFP1,mRFP1,mRFP1,mRFP1,mRFP1,mRFP1,mRFP1,mRFP1,mRFP1,mRFP1,mRFP1,mRFP1,mRFP1,mRFP1,mRFP1,mRFP1,mRFP1,mRFP1,mRFP1,mRFP1,mRFP1,mRFP1,mRFP1,mRFP1,mRFP1,mRFP1,mRFP1,mRFP1,mRFP1,mRFP1,mRFP1,mRFP1,mRFP1,mRFP1,mRFP1,mRFP1,mRFP1,mRFP1,mRFP1,mRFP1,mRFP1,mRFP1,mRFP1,mRFP1,mRFP1,mRFP1,mRFP1,mRFP1,mRFP1,mRFP1,mRFP1,mRFP1,mRFP1,mRFP1,mRFP1,mRFP1,mRFP1,mRFP1,mRFP1,mRFP1,mRFP1,mRFP1,mRFP1,mRFP1,mRFP1,mRFP1,mRFP1,mRFP1,mRFP1,mRFP1,mRFP1,mRFP1,mRFP1,mRFP1,mRFP1,mRFP1,mRFP1,mRFP1,mRFP1,mRFP1,mRFP1,mRFP1,mRFP1,mRFP1,mRFP1
C6=25000.000000;C12=25000.000000,3009,2923,2936,2882,2904,2820,2903,2886,2884,2834,2796,2888,2980,2858,2938,2892,2902,2998,3030,3086,3090,3189,3276,3417,3412,3808,3864,3990,4283,4689,5061,5618,6091,6706,7440,8377,9549,10723,12355,14015,16046,18898,22096,25766,29548,33624,38502,42962,48222,53440,58550,64010,68746,72530,76151,78977,83272,86853,89629,93468,95916,100334,102775,105673,106755,107780,109730,110777,111916,113337,113542,115100,115994,117146,118438,119983,121357,121673,124310,126127,126874,127860,129778,130626,132185,133378,134645,136430,137773,138906,141024,141804,144027,145888,148131,148863,151705,152144,153989,155493,502,499,493,498,488,496,500,486,503,486,489,491,487,502,503,508,511,504,504,545,538,567,587,632,647,704,745,792,836,949,1009,1079,1221,1281,1365,1475,1568,1674,1782,1908,2038,2134,2330,2453,2618,2763,2939,3134,3310,3532,3657,3822,4068,4219,4362,4525,4718,4842,4990,5121,5244,5314,5573,5698,5901,6112,6397,6472,6645,6859,7002,7175,7326,7454,7579,7658,7765,7935,8040,8141,8269,8374,8420,8580,8630,8617,8848,8922,8978,9121,9122,9324,9449,9501,9733,9838,9898,9995,10141,10248,36,39,37,37,36,42,36,40,42,43,44,40,41,40,40,42,41,42,42,42,45,43,50,54,49,54,56,57,68,70,78,83,89,86,107,107,110,115,115,123,136,137,154,162,164,174,193,193,207,227,235,254,277,286,292,320,330,336,355,367,385,398,405,430,450,478,481,503,554,584,614,630,652,675,683,714,724,740,759,776,816,813,820,852,853,868,902,898,901,932,939,956,969,976,990,1021,1042,1024,1047,1097
C6=25000.000000;C12=2500.000000,2979,2906,2899,2924,2888,2863,2977,2816,2900,2790,2821,2834,2886,2847,2904,2812,3028,2955,3022,3048,3166,3155,3355,3483,3564,3734,4012,4191,4451,4816,5262,5781,6411,6873,7762,8759,9796,11099,12424,14281,16192,18575,21614,25050,29134,32974,37363,42548,47445,52538,57965,63106,68416,73369,77326,81227,85344,88937,92447,96397,98831,102747,107487,109760,112044,115408,117704,118679,121488,121939,124283,124748,126735,128595,129040,130664,133046,133628,135978,137826,139411,141704,143072,144600,147354,148608,150039,151792,154512,155283,157468,159105,159921,163348,165377,166964,167856,169716,171420,173370,504,507,506,495,502,498,498,489,480,486,508,498,509,504,500,508,511,521,532,540,555,562,579,620,650,678,712,799,844,905,1018,1099,1171,1286,1377,1487,1582,1675,1782,1893,2029,2152,2313,2464,2638,2771,2996,3185,3406,3638,3846,4095,4320,4548,4680,4943,5154,5302,5474,5700,5783,5996,6182,6304,6467,6794,7064,7216,7404,7573,7770,7938,8112,8291,8467,8408,8537,8756,8849,8977,9021,9170,9409,9442,9542,9716,9806,9917,10001,10148,10263,10355,10514,10643,10782,10934,10991,11014,11230,11324,34,38,36,39,37,37,40,47,38,42,34,37,32,39,40,43,40,40,50,41,46,42,50,58,51,56,55,59,66,66,66,79,82,90,97,98,104,103,113,120,129,138,138,154,153,171,177,203,196,222,242,255,263,279,279,305,323,338,360,365,379,385,419,434,464,459,491,522,560,567,590,601,611,629,668,680,692,702,710,742,728,745,759,800,768,793,790,818,843,847,835,857,876,889,889,907,899,915,941,932
C6=25000.000000;C12=250.000000,2975,2916,2858,2850,2952,2890,2847,2902,2883,2872,2827,2823,2835,2862,2822,2815,2940,2992,3001,3012,3112,3242,3374,3429,3516,3759,3900,4086,4519,4765,5335,5884,6434,7136,7933,8854,9816,11137,12788,14700,16890,19091,22052,25706,29485,33684,38210,43136,48303,53486,58705,64592,69412,75304,79589,83514,86472,90731,93866,98744,100785,106332,108787,112078,115762,118157,121063,121988,124053,124432,126826,126921,129240,130004,131218,132419,134325,135550,137650,138383,140401,142196,142308,144756,147020,147048,150034,151443,152381,154382,155179,156924,158989,161201,162114,165280,166298,168284,170393,171250,516,518,516,500,502,499,511,505,506,510,502,504,494,505,513,527,512,514,519,531,550,551,586,602,642,683,730,779,839,924,993,1078,1182,1277,1369,1459,1553,1630,1760,1878,1975,2140,2256,2457,2632,2752,2940,3172,3374,3608,3827,3987,4264,4531,4717,4889,5195,5348,5521,5790,5826,6088,6327,6452,6558,6855,7172,7467,7640,7835,7915,8105,8330,8393,8635,8730,8797,8908,9087,9188,9282,9359,9650,9666,9835,9912,10030,10184,10250,10365,10404,10577,10622,10822,10997,11132,11260,11382,11456,11616,36,36,34,38,33,38,38,40,36,42,38,40,40,37,41,41,39,41,43,43,36,40,49,48,52,49,56,64,60,73,79,77,85,98,94,96,107,108,114,128,124,125,137,153,154,162,182,196,207,222,237,236,263,266,296,294,327,347,354,364,380,409,410,415,450,461,492,508,554,564,581,594,626,652,649,669,690,690,723,722,739,744,773,779,796,795,811,817,833,844,842,843,874,877,903,919,924,947,956,974
C6=25000.000000;C12=25.000000,2921,2843,2830,2857,2852,2795,2818,2882,2892,2840,2714,2848,2842,2860,2867,2923,2906,2982,2944,3079,3160,3224,3322,3416,3600,3755,3888,4206,4564,4990,5336,5798,6499,7150,8005,9147,10096,11606,13080,14758,17046,19414,22722,26064,30244,34499,39529,44590,50085,54966,60790,66033,71696,77035,80553,84178,88641,92492,95943,100512,102612,106965,111035,114798,116944,119940,121379,122759,125466,125693,126220,127521,130121,130526,132280,134212,135491,135788,138672,139368,141606,142699,144243,146481,148603,149055,151605,152709,153346,156110,156829,159160,161297,163475,166148,167631,168796,170840,172165,173389,513,502,510,515,510,505,491,494,493,503,488,488,486,496,507,513,504,511,512,529,540,560,568,595,644,690,725,774,821,914,1004,1060,1174,1263,1344,1478,1570,1660,1798,1894,2032,2167,2335,2494,2654,2859,3072,3244,3436,3650,3990,4170,4383,4622,4803,5105,5314,5462,5691,5878,5984,6239,6365,6631,6721,7048,7323,7552,7770,7975,8199,8383,8567,8733,8790,8860,9047,9113,9329,9329,9531,9603,9703,9939,10041,10045,10193,10371,10399,10558,10636,10851,10902,11132,11241,11391,11468,11647,11793,11829,34,41,40,38,36,42,41,39,41,40,39,34,38,38,44,44,41,39,42,41,43,44,50,46,48,52,61,63,63,66,75,83,90,97,94,104,106,117,120,125,129,133,144,144,168,156,176,192,204,224,229,259,268,278,302,303,334,357,357,391,376,401,416,439,452,475,482,529,546,573,598,608,642,671,673,677,719,726,745,751,758,774,782,795,784,824,821,844,856,875,876,880,891,901,931,948,941,964,971,975
C6=25000.000000;C12=2.500000,2896,2853,2830,2778,2838,2883,2779,2816,2826,2806,2856,2891,2812,2826,2878,2846,2868,3025,3009,3145,3108,3234,3323,3397,3562,3775,4016,4303,4546,4807,5257,5716,6352,7070,7829,8653,9880,11182,12568,14472,16402,18634,21806,25260,28932,33146,37779,42767,48246,52972,58756,63988,69420,75116,79535,83097,87598,91230,95030,99748,102114,106916,110279,114077,116873,119979,121683,123201,125606,125868,127806,129580,129926,132018,133294,134530,136002,137073,138998,139499,142320,143886,144566,146166,147506,149972,151363,152927,154292,155443,157086,158400,160645,163454,165417,166206,167856,169911,171415,173112,510,509,514,498,496,477,498,477,476,496,493,489,501,494,514,488,496,502,524,540,536,565,580,608,626,666,698,773,798,885,951,1046,1123,1236,1336,1431,1522,1623,1726,1828,1961,2097,2212,2404,2541,2694,2889,3070,3282,3512,3730,3982,4199,4456,4661,4883,5057,5320,5464,5612,5808,5993,6294,6402,6582,6879,7122,7398,7606,7880,8026,8150,8376,8484,8567,8711,8784,8864,9025,9160,9333,9422,9544,9635,9719,9787,9979,10022,10138,10248,10410,10419,10659,10784,10897,10944,11176,11306,11368,11500,38,40,39,38,38,39,38,41,40,42,41,38,42,40,39,40,44,43,44,44,42,44,46,52,51,58,56,54,65,72,71,80,78,90,90,100,107,118,112,113,122,132,142,146,159,167,177,199,191,210,236,229,254,269,284,303,327,333,353,362,376,399,427,434,457,462,490,510,517,574,586,606,617,651,650,659,702,716,726,715,748,747,779,784,810,786,809,816,836,841,858,865,881,889,900,910,931,942,933,956
C6=25000.000000;C12=0.0,2951,2866,2769,2818,2873,2850,2741,2868,2801,2839,2820,2877,2834,2916,2861,2916,2878,2961,3073,3082,3128,3213,3328,3345,3572,3676,3873,4184,4432,4888,5205,5813,6352,6923,7779,8752,9873,11030,12686,14397,16465,18806,21631,25143,28917,33045,37668,42367,47262,52593,58071,63886,68587,74506,79155,82424,86378,90579,94777,98841,101943,106130,109132,112990,117060,119399,121946,124113,125442,126259,127613,128144,131290,132260,133571,134375,136595,138002,139498,141600,142600,145045,146506,148264,150223,151724,153596,154945,156923,158440,159524,162088,163366,166753,168621,170738,171436,174589,176047,176489,506,500,505,489,499,481,497,503,487,487,498,489,500,488,501,500,508,519,513,538,547,558,583,619,622,673,707,750,835,898,962,1073,1130,1212,1348,1423,1503,1646,1742,1860,1970,2052,2233,2378,2575,2708,2894,3073,3304,3496,3742,3976,4214,4450,4720,4848,5118,5350,5529,5750,5904,6059,6223,6421,6602,6856,7052,7317,7613,7787,7950,8030,8306,8327,8516,8573,8759,8894,8994,9116,9192,9387,9577,9604,9764,9773,9992,10073,10092,10212,10368,10490,10627,10838,10868,11083,11260,11285,11340,11515,37,36,42,35,39,38,40,33,38,38,39,43,36,43,38,48,42,42,47,48,46,49,48,46,53,51,53,63,62,71,77,77,78,88,90,102,109,101,124,121,124,132,144,144,156,164,175,194,187,210,237,246,251,281,290,305,325,342,364,370,390,414,431,429,450,489,509,535,541,554,604,597,636,645,662,677,700,711,720,736,742,744,752,776,790,782,793,808,837,851,870,870,872,881,911,919,913,918,943,932
C6=2500.000000;C12=25000.000000,2875,2926,2806,2841,2844,2851,2843,2840,2872,2776,2918,2858,2849,2843,2796,2821,2839,2820,2830,2900,2882,2914,2947,2941,2941,3089,3086,3109,3151,3268,3312,3347,3530,3687,3746,3857,3990,4166,4422,4577,4899,5244,5803,6097,6610,7247,7974,8821,9662,10508,11366,12432,13519,14523,15161,15987,16919,17479,18534,19673,20222,21600,22273,22792,23692,24600,24788,25102,25388,25751,26081,26466,26180,26998,27046,27140,27726,28070,28283,28842,28917,29332,29745,30153,30178,30475,31046,31611,32219,32354,32642,32897,33262,34146,34400,34792,34868,35674,36066,36120,513,516,511,488,494,504,498,505,500,510,506,501,493,508,512,518,509,548,543,592,619,676,761,887,1047,1230,1408,1712,1974,2473,2865,3370,3889,4384,4880,5418,5977,6547,7225,7917,8775,9516,10484,11377,12346,13205,14178,15251,16090,17131,18158,19102,20212,20984,21855,22740,23454,24213,24858,25712,26137,26926,27426,27989,28837,29867,30588,31865,32820,33756,34306,35189,35925,36851,37522,37689,38750,39033,39632,40080,40696,41279,41640,42204,42366,43015,43436,43898,44248,44558,45022,45331,46057,46502,47015,47713,48163,48776,49070,49286,35,42,38,37,39,39,41,44,38,36,42,40,37,43,42,44,41,46,42,46,40,45,48,55,53,55,64,65,81,72,81,89,91,100,107,106,113,114,127,130,134,148,164,164,170,169,195,204,230,240,250,263,278,282,315,326,327,352,365,382,396,411,426,456,464,484,494,526,552,578,600,660,669,693,683,718,742,752,776,812,823,813,843,858,879,881,891,924,912,930,933,954,946,996,970,1025,1022,1054,1043,1074
C6=2500.000000;C12=2500.000000,2905,2872,2792,2808,2827,2866,2862,2804,2804,2799,2889,2840,2801,2820,2923,2868,2864,2871,2978,3001,3031,3132,3127,3215,3351,3448,3495,3687,3776,4099,4491,4706,5101,5584,6254,6852,7464,8417,9334,10711,12193,13996,16544,18919,22071,25166,28790,32528,36135,40068,44036,47979,52217,55293,58473,60840,63636,65983,69116,71502,73778,77484,79077,81736,83522,84632,85880,86504,87179,89010,89726,89857,90786,92380,93106,93377,95099,95553,97666,98481,99382,100924,102227,103503,103592,104442,106106,107092,108936,110254,110894,111906,112968,114375,116181,116836,118327,119997,120394,121555,506,507,509,510,512,502,517,496,504,514,500,493,506,504,521,502,526,540,519,557,548,566,585,617,642,686,760,797,871,897,999,1104,1194,1272,1354,1460,1543,1625,1723,1849,1938,2087,2205,2321,2478,2621,2716,2919,3039,3208,3341,3487,3643,3765,3916,4022,4177,4241,4358,4453,4534,4700,4797,4912,5098,5274,5337,5414,5594,5745,5718,5840,6052,6071,6120,6249,6262,6375,6483,6490,6655,6661,6885,6913,6998,6991,7166,7217,7265,7344,7443,7570,7552,7667,7768,7945,8006,8118,8198,8157,38,36,35,36,32,38,40,41,37,41,38,39,39,39,41,36,40,40,41,39,40,46,45,55,54,60,61,66,68,67,74,75,87,98,102,98,113,120,121,134,126,134,147,152,170,182,192,192,208,238,250,254,273,288,302,321,332,340,355,380,398,418,426,449,474,486,504,534,566,575,617,614,632,667,680,690,707,717,724,739,745,766,766,790,789,817,817,821,846,862,872,866,858,895,889,935,926,947,938,942
C6=2500.000000;C12=250.000000,2916,2889,2868,2836,2785,2820,2837,2836,2786,2704,2774,2886,2796,2838,2822,2808,2924,2920,2960,3020,3001,3056,3157,3232,3340,3502,3596,3794,3997,4405,4718,4931,5457,5906,6496,7373,8139,9307,10336,11767,13319,15525,18310,20938,24284,27684,31415,35506,39448,43947,48174,52363,57174,60493,63013,66209,69133,73020,76461,78942,81387,84774,88270,90113,92320,93676,93898,95707,97382,98192,99010,100366,102067,103173,104387,104351,106870,106854,109371,109142,111316,112928,114499,115975,116538,118048,119552,120931,121620,123040,124830,125937,127662,128430,128907,131630,132262,134251,135380,136666,513,524,517,507,502,496,510,500,500,504,513,498,510,511,492,510,505,509,517,518,534,547,582,586,632,695,727,775,839,894,975,1079,1173,1241,1334,1444,1517,1609,1715,1829,1920,2102,2242,2338,2512,2633,2794,3002,3094,3302,3475,3667,3882,3961,4194,4290,4410,4556,4752,4823,4933,5104,5180,5290,5526,5696,5832,5994,6121,6230,6293,6381,6550,6609,6717,6748,6908,6962,7159,7205,7304,7364,7426,7485,7660,7647,7808,7936,7987,7937,8137,8230,8273,8392,8428,8616,8688,8795,8901,8939,42,40,30,34,39,40,40,39,40,34,39,41,44,38,39,41,41,44,40,39,41,45,49,50,55,58,64,63,62,76,80,72,82,92,94,100,103,113,118,129,136,132,153,160,176,168,194,205,220,227,234,258,265,282,308,328,351,354,386,385,410,426,429,459,470,515,522,544,574,608,612,635,644,668,690,713,721,708,720,744,750,776,751,773,801,820,819,826,829,828,865,860,897,892,882,893,930,938,940,942
C6=2500.000000;C12=25.000000,2933,2923,2951,2859,2846,2821,2881,2808,2759,2773,2751,2896,2888,2756,2915,2803,2924,2845,2973,2982,3045,3100,3181,3306,3334,3552,3658,3832,4054,4360,4658,5049,5531,6134,6691,7351,8306,9219,10496,12013,13741,15612,18302,21355,24466,27886,31945,35928,40084,44748,48815,53365,57670,62134,64663,67544,70992,73808,77340,80744,82883,86270,89492,91908,94103,95613,96326,97247,99164,99675,100891,101016,102016,103302,104978,105332,106732,107441,109882,111102,111055,113436,114216,116147,116471,116838,119335,119777,121612,122175,123980,125310,126359,128000,129185,131277,132579,133277,134458,134869,522,511,505,520,514,504,507,501,489,493,508,492,504,494,526,522,528,525,532,542,558,566,569,612,632,671,716,773,805,874,946,1015,1151,1201,1280,1376,1488,1573,1683,1769,1876,2019,2136,2274,2392,2513,2685,2815,3010,3194,3386,3497,3667,3816,3961,4091,4291,4342,4475,4575,4662,4803,4930,5061,5282,5441,5566,5694,5890,5936,6034,6108,6229,6279,6349,6436,6561,6655,6730,6772,6829,6929,6993,7152,7235,7244,7386,7472,7435,7587,7677,7669,7861,7941,8023,8222,8212,8304,8394,8376,35,38,38,34,34,40,39,37,38,36,40,40,38,34,40,42,42,42,46,40,44,49,48,52,50,55,54,56,70,74,76,74,81,95,98,99,115,115,114,125,125,135,143,147,164,175,188,186,212,233,226,244,267,296,296,298,326,342,373,375,406,405,435,431,476,496,505,535,562,586,618,620,626,664,680,670,720,722,723,737,756,746,760,757,779,804,810,804,830,822,838,858,864,899,900,898,899,919,932,941
C6=2500.000000;C12=2.500000,2895,2890,2875,2790,2821,2804,2789,2774,2754,2748,2718,2842,2836,2755,2876,2820,2907,2908,2884,2919,3011,3113,3146,3250,3297,3507,3568,3795,4040,4341,4684,5076,5512,6082,6628,7502,8382,9277,10744,12176,13922,16164,18784,21740,25252,28734,32726,36524,40693,45578,49988,54734,59526,63053,65594,68989,72876,75776,79568,82658,85910,89246,91940,94076,95280,96928,97504,99057,100169,101048,101907,102939,103975,105322,105508,106859,109116,109353,110461,111107,112412,113926,114566,116780,117536,117693,120249,120012,122642,122751,124479,126046,126300,128132,129351,130975,131858,133133,134983,136212,505,516,480,507,509,504,514,503,500,502,500,481,504,498,496,499,506,508,515,530,535,547,572,591,624,669,696,761,801,882,945,1042,1123,1213,1289,1412,1468,1556,1668,1784,1886,2004,2148,2250,2390,2561,2718,2876,3036,3183,3402,3568,3711,3858,3949,4105,4320,4376,4559,4658,4750,4878,5021,5209,5291,5591,5707,5910,6018,6162,6312,6364,6427,6557,6678,6782,6831,6914,7076,7103,7200,7302,7318,7432,7530,7584,7703,7777,7852,7948,7980,8106,8156,8306,8396,8517,8561,8667,8781,8873,36,39,40,40,41,38,32,38,39,39,38,40,38,43,38,40,35,38,44,41,39,45,46,44,51,52,57,68,69,59,68,77,87,91,99,100,99,116,117,122,130,136,153,146,158,174,178,202,205,214,237,256,280,282,306,304,328,356,368,387,396,415,423,447,486,506,520,537,588,595,616,639,677,686,689,703,728,733,760,776,786,792,796,831,831,841,846,865,874,902,898,908,944,967,964,981,1001,1001,1019,1033
C6=2500.000000;C12=0.0,2902,2898,2847,2785,2854,2837,2861,2782,2791,2804,2801,2802,2830,2900,2918,2914,2903,2859,2948,2935,3053,3075,3097,3214,3396,3459,3600,3832,3957,4327,4650,5002,5490,5874,6581,7329,8182,9223,10479,11928,13507,15565,18404,20748,24395,27768,31860,35746,39728,44155,49188,53140,58114,61301,64524,67321,70484,73608,76982,79734,82048,85212,87918,90864,91936,93251,93710,95240,96594,97988,99012,99331,100379,101742,103063,103577,105185,106267,107606,108259,110164,111111,113258,114024,115526,116114,117836,118979,119527,121311,122995,123828,124888,126833,127837,129965,129953,131479,133845,134094,515,521,509,503,508,498,498,486,492,489,503,488,490,493,492,492,515,516,531,533,532,551,587,590,608,660,715,749,824,898,950,1029,1116,1183,1287,1402,1469,1569,1656,1774,1870,1974,2110,2252,2396,2527,2644,2804,2981,3152,3318,3446,3592,3796,3948,4074,4198,4277,4362,4537,4549,4718,4790,4992,5126,5340,5506,5630,5776,5862,6004,6089,6216,6344,6386,6470,6618,6695,6782,6819,6908,7014,7139,7222,7310,7313,7461,7572,7614,7735,7818,7873,7968,8012,8207,8301,8381,8547,8552,8627,39,40,38,35,38,40,36,35,35,35,39,40,37,35,39,42,39,42,44,40,45,49,48,46,52,55,61,62,64,70,70,91,86,90,98,110,105,112,118,121,123,136,144,164,167,170,172,196,202,223,240,254,260,282,298,310,338,339,358,391,384,405,424,432,456,490,494,523,571,578,594,625,646,668,683,697,739,721,745,747,772,777,786,808,823,816,846,845,888,875,884,900,914,914,956,991,962,986,974,1009
C6=250.000000;C12=25000.000000,2908,2898,2856,2836,2914,2808,2817,2820,2754,2763,2758,2832,2760,2780,2786,2812,2832,2774,2804,2817,2825,2816,2794,2920,2898,2957,3005,3096,3006,3121,3164,3200,3266,3406,3469,3629,3624,3750,3910,3992,4190,4468,4546,4730,4926,5121,5319,5392,5675,6003,6168,6335,6640,6934,7130,7408,7734,7848,8121,8528,8766,9084,9344,9688,10108,10329,10604,10734,10993,11209,11126,11429,11486,11579,11904,11828,12099,12066,12421,12549,12636,12563,13050,13148,13363,13692,13740,14000,13778,14090,14347,14439,14487,14928,14997,15226,15404,15600,15579,15904,516,512,502,490,512,496,507,481,501,503,502,529,541,545,563,588,637,691,817,932,1078,1283,1538,1877,2234,2709,3218,3724,4256,5034,5794,6572,7551,8379,9252,10055,10995,11662,12567,13557,14533,15621,16918,18078,19340,20441,21917,23243,24625,26025,27352,28421,29743,30998,32016,33010,34505,35242,36027,37073,37541,38729,39502,40194,40742,41334,42146,43398,44788,45731,46957,47872,48828,49858,50629,51540,52356,53301,54144,54508,55351,55926,56993,57571,58174,58702,59294,59736,60235,60934,61451,62331,62633,63494,64628,64868,65168,65818,66470,66973,37,32,38,41,35,40,36,35,40,32,42,38,42,38,40,37,43,47,43,45,41,42,50,56,54,61,57,61,69,68,73,82,89,100,102,102,112,119,122,126,131,144,152,164,166,182,192,208,218,237,248,262,271,300,302,306,331,342,359,384,383,418,442,442,453,485,498,508,527,548,589,597,628,654,660,690,718,728,733,754,801,793,800,826,851,878,877,886,900,927,909,922,926,996,968,992,1006,1011,1044,1006
C6=250.000000;C12=2500.000000,2881,2916,2856,2863,2822,2754,2795,2874,2778,2738,2789,2763,2730,2822,2779,2752,2792,2857,2824,2784,2911,2892,2920,2918,2955,2971,3057,3117,3128,3205,3245,3345,3542,3526,3650,3884,3913,4090,4372,4551,4836,5074,5594,5879,6316,6723,7377,8096,8746,9572,10279,11243,12103,12822,13491,14466,15013,15739,16561,17483,18238,19026,19714,20677,21455,22249,22462,22651,23090,23374,23285,23416,23936,24103,24634,25084,25345,25307,25616,25955,26499,26488,27205,27386,27583,28028,28440,28866,29141,29223,29112,29753,29966,30615,30846,31610,31838,32154,32398,32470,506,517,508,505,525,514,499,488,500,507,506,496,500,506,505,529,532,541,555,566,618,669,745,863,968,1160,1353,1638,1899,2274,2722,3231,3715,4210,4731,5175,5707,6272,6832,7546,8176,8935,9852,10690,11593,12540,13499,14494,15611,16650,17482,18446,19474,20608,21252,22175,22959,23814,24453,25238,25586,26610,27112,27647,28432,29600,30406,31367,32111,32730,33508,34196,34896,35519,35981,36672,36810,37364,37935,38219,38766,39271,40064,40114,40434,40856,41345,41937,42236,42698,43193,43594,44133,44505,45003,45581,45818,46066,46404,46970,38,40,35,38,40,41,38,39,38,35,40,41,38,41,39,38,39,43,43,44,44,48,48,56,54,54,59,64,67,75,79,92,94,93,98,111,114,114,126,126,130,136,147,160,162,172,190,206,212,250,247,262,275,291,315,312,332,358,382,397,405,422,440,460,472,494,524,543,567,594,625,633,670,678,680,686,735,732,768,767,764,781,801,826,836,835,851,854,864,873,885,925,932,923,942,964,966,984,986,1017
C6=250.000000;C12=250.000000,2935,2913,2778,2858,2803,2845,2824,2769,2789,2898,2794,2758,2768,2773,2780,2758,2863,2867,2926,2917,2918,2938,3078,3026,3140,3200,3302,3522,3514,3804,4049,4261,4610,4940,5347,5784,6286,7025,7857,8906,9931,11676,13606,15720,18042,20315,23340,25806,28750,32180,35156,38148,40932,43494,45175,47250,49711,51834,53790,55539,57603,59452,61104,62356,62315,63250,64437,64745,65970,66217,66630,67262,68616,68844,69120,70508,71300,71967,73039,73701,74938,75294,76341,76950,78044,78846,80093,80471,81340,81742,83128,84004,84706,85891,86399,87534,88710,89824,90172,90776,528,528,506,506,498,498,502,497,498,493,516,511,502,515,502,518,514,538,528,546,564,564,599,620,670,706,744,806,876,942,1026,1122,1227,1326,1400,1494,1592,1686,1811,1899,2062,2146,2250,2404,2519,2648,2805,2932,3057,3191,3336,3396,3552,3628,3765,3826,3944,3984,4053,4123,4170,4282,4432,4558,4686,4803,4864,5004,5107,5214,5312,5418,5489,5588,5634,5703,5795,5873,5940,6005,6089,6152,6319,6311,6494,6490,6611,6622,6766,6856,6893,6986,6995,7202,7213,7378,7360,7426,7515,7575,35,35,32,38,38,38,39,37,37,39,40,35,37,42,40,43,44,36,41,41,45,42,44,48,47,56,58,60,72,68,72,78,84,83,96,108,110,120,124,118,126,145,151,160,170,172,186,198,228,238,247,256,278,288,305,322,327,355,362,388,400,408,441,462,477,517,529,552,588,602,626,654,654,695,716,694,726,768,750,782,788,803,822,835,841,838,866,882,907,910,913,921,941,961,965,987,990,1032,1013,1054
C6=250.000000;C12=25.000000,2896,2886,2904,2820,2876,2816,2861,2812,2782,2865,2871,2855,2833,2927,2836,2813,2806,2902,2869,2980,3052,3040,3004,3168,3171,3430,3494,3663,3825,3913,4186,4644,4849,5243,5547,6113,6884,7748,8543,9724,11083,12556,14736,16959,19475,22359,25008,28035,31214,34212,37711,40875,44314,46847,49058,51150,53822,56116,58090,61049,62750,65408,67654,69014,70005,71464,71267,72476,73503,73727,74441,74975,76082,76482,77085,77805,78847,80232,81315,81455,82684,83162,84790,85626,85900,87360,88413,88796,90136,90338,91438,92560,93092,94459,95539,96684,97348,98398,99111,99626,518,513,498,494,502,508,506,506,496,492,502,504,515,507,500,506,518,514,506,534,552,560,574,604,620,673,699,766,817,878,955,1043,1128,1208,1254,1351,1428,1496,1595,1712,1844,1934,2048,2120,2248,2362,2479,2584,2703,2852,2959,3100,3158,3312,3375,3504,3620,3641,3750,3863,3820,3904,4099,4204,4253,4409,4503,4610,4750,4775,4786,4893,4947,5029,5099,5197,5199,5291,5358,5376,5486,5566,5620,5694,5741,5787,5880,5866,5977,6056,6100,6197,6259,6372,6403,6540,6575,6663,6587,6720,36,40,36,43,40,37,41,43,43,38,37,39,43,42,37,42,41,40,49,46,46,38,43,53,52,52,60,65,69,72,80,80,81,89,100,114,111,114,112,132,133,138,147,156,150,184,193,193,209,230,242,257,270,297,318,311,336,356,374,384,395,423,449,445,484,499,528,575,580,600,609,636,663,675,688,691,720,731,739,732,750,756,772,770,810,814,836,839,846,848,852,873,876,900,904,929,934,942,957,963
C6=250.000000;C12=2.500000,2908,2818,2841,2805,2807,2810,2872,2767,2769,2787,2797,2751,2836,2820,2787,2794,2818,2876,2877,2882,2907,3004,3055,3098,3172,3315,3377,3516,3685,3950,4158,4508,4836,5150,5650,6168,6714,7559,8553,9756,11011,12653,14726,16907,19453,21937,24814,28115,31188,34533,38136,41055,44610,46853,48588,50507,53660,55544,58138,60298,62066,64735,67031,67913,68513,69903,69998,71318,72175,72225,73363,73375,75106,75660,76270,76890,78262,78566,79153,80392,81379,82188,83271,83868,85598,84974,87363,87426,88067,89243,89920,90824,91511,93059,94025,95602,96466,96942,96692,98800,522,525,525,515,519,497,510,490,494,495,487,510,504,488,501,506,518,515,524,517,541,559,573,624,636,662,690,772,828,877,957,1028,1121,1175,1275,1354,1440,1534,1638,1738,1783,1901,2052,2168,2231,2362,2491,2624,2709,2858,2958,3080,3180,3308,3354,3431,3582,3634,3696,3759,3782,3940,4074,4166,4278,4436,4523,4611,4658,4740,4839,4923,5026,5141,5171,5174,5287,5350,5446,5413,5513,5552,5680,5712,5850,5896,5917,5965,6034,6152,6197,6240,6349,6420,6535,6618,6653,6661,6751,6832,40,43,41,34,32,38,39,43,34,38,42,36,41,40,38,35,42,38,44,39,42,47,47,52,56,58,59,60,65,74,74,84,88,97,97,113,114,108,119,124,132,138,151,153,166,186,184,191,212,233,248,256,266,292,292,321,334,355,361,391,385,409,447,457,478,515,548,571,575,594,616,638,667,686,704,738,732,746,782,771,792,795,804,836,848,824,868,870,864,905,894,907,926,958,948,992,986,998,997,1017
C6=250.000000;C12=0.0,2856,2853,2794,2793,2827,2770,2758,2766,2777,2753,2795,2821,2812,2752,2809,2786,2778,2865,2866,2951,2968,3058,3054,3134,3120,3256,3366,3642,3742,3916,4179,4394,4834,5198,5554,6209,6651,7485,8405,9648,10900,12424,14634,16931,19592,21756,25064,28087,31389,34365,38231,40980,44376,46662,48821,51126,53586,55877,58100,60608,62333,64756,67112,68434,69155,70208,70845,71503,72713,73616,73841,74249,74905,76112,76699,77441,78948,79603,80761,80404,82020,82848,83649,84472,85238,85725,87908,87782,88384,89446,90709,91084,92532,93431,94534,95454,96796,97555,97301,98756,499,518,521,512,510,505,517,513,508,512,509,503,494,508,511,507,514,507,532,527,549,550,598,590,634,672,722,737,823,890,974,1051,1107,1217,1302,1353,1436,1538,1618,1706,1826,1920,2030,2146,2314,2371,2514,2622,2732,2854,2985,3093,3189,3282,3356,3460,3561,3626,3693,3778,3852,3871,4102,4202,4318,4445,4544,4670,4732,4853,4888,5008,5034,5134,5150,5276,5327,5379,5420,5501,5587,5646,5798,5810,5892,5934,5960,6037,6084,6194,6268,6304,6410,6436,6584,6618,6668,6755,6828,6846,34,37,40,36,33,39,36,38,37,34,41,35,39,40,38,39,38,42,40,41,43,46,46,51,49,60,63,60,68,69,76,79,90,95,106,109,110,114,115,126,138,148,152,144,172,175,195,191,208,237,238,246,268,292,300,322,331,348,374,387,398,418,430,460,469,504,529,559,595,614,635,644,672,694,710,696,756,759,787,780,792,833,834,831,858,858,875,902,923,900,900,927,939,961,991,994,1012,1005,1045,1052
C6=25.000000;C12=25000.000000,2990,2835,2905,2834,2883,2810,2838,2826,2816,2862,2823,2781,2781,2782,2796,2802,2786,2847,2860,2880,2802,2866,2915,2868,2895,2954,2947,2946,3118,3110,3116,3207,3345,3418,3470,3625,3626,3807,3930,4049,4219,4373,4484,4672,4869,5177,5254,5446,5649,5847,6102,6245,6462,6832,6952,6984,7405,7611,7776,8143,8150,8522,9002,9151,9451,9658,9705,10149,10480,10365,10628,10619,10936,10848,10926,11141,11434,11349,11700,11651,12027,12171,12254,12214,12530,12623,12778,12965,13085,13264,13437,13566,13793,14121,14256,14124,14326,14623,14675,14879,509,527,508,505,511,508,516,511,507,519,520,528,547,578,607,629,700,790,878,1030,1214,1411,1696,2022,2448,2850,3350,3894,4483,5225,6076,6902,7716,8664,9563,10376,11229,12109,12984,14090,14858,16011,17180,18432,19750,21081,22372,23846,25184,26647,28229,29359,30705,31977,33031,34243,35524,36481,37521,38508,39043,40262,41094,42102,42583,43440,44101,45280,46939,47919,49152,50088,51341,52360,53168,53985,54790,55362,56280,56868,58109,58719,59506,60459,60598,61217,62165,62469,63167,63724,64132,65165,65704,66356,67282,67996,68547,69076,69772,70148,32,37,36,29,37,31,43,38,44,43,39,36,34,42,36,37,40,42,38,40,43,44,51,51,58,56,58,61,65,77,72,84,87,97,98,102,115,114,128,126,142,135,149,158,174,174,193,204,219,226,237,266,261,301,306,333,341,365,376,383,400,430,430,471,462,473,494,506,537,560,585,604,631,664,675,690,722,735,771,753,798,798,817,839,865,874,864,883,904,904,926,932,926,942,986,984,1007,1005,1049,1048
C6=25.000000;C12=2500.000000,2862,2864,2818,2902,2833,2863,2819,2757,2694,2904,2781,2740,2788,2852,2865,2809,2836,2826,2847,2814,2770,2854,2908,2922,2856,2970,2947,2956,2979,3022,3044,3190,3324,3305,3402,3586,3620,3668,3913,4114,4192,4399,4561,4717,4809,4995,5312,5334,5631,5868,6084,6374,6600,6824,7139,7357,7538,7848,8107,8429,8572,9064,9475,9686,9960,10284,10462,10836,10996,11081,11090,11408,11538,11703,11701,11794,11879,12021,12518,12378,12576,12738,12848,13130,13193,13341,13668,13730,13891,14008,14096,14412,14306,14511,14980,15148,15175,15219,15352,15605,520,510,531,532,527,506,508,511,524,513,518,526,529,551,566,588,642,726,778,902,1054,1243,1497,1799,2138,2582,3034,3499,4098,4752,5538,6334,7255,8171,8992,9877,10690,11437,12406,13297,14062,15285,16280,17363,18712,19891,21122,22605,23987,25673,26950,28415,29743,31246,32396,33575,34872,35926,36990,38189,38672,40020,40851,41795,42350,43158,43759,45004,46538,47547,48324,49466,50204,51286,52140,52478,53340,53912,54677,55293,55981,56826,57230,58260,58493,59099,59902,60115,60940,61291,61880,62721,62942,63801,64420,65753,65252,66506,67142,66989,40,39,42,40,42,37,39,37,39,40,40,39,42,42,43,43,39,45,42,40,47,50,50,49,52,57,60,64,62,73,73,78,82,93,98,106,106,113,116,130,127,140,140,154,157,178,195,204,220,222,248,257,270,294,317,326,347,360,382,392,395,448,456,453,466,497,515,548,556,564,602,612,648,643,695,696,727,745,737,758,760,792,807,790,842,824,851,854,872,843,880,889,907,913,931,934,941,967,971,1000
C6=25.000000;C12=250.000000,2881,2879,2819,2839,2844,2849,2737,2863,2739,2806,2790,2829,2676,2765,2797,2765,2782,2824,2812,2849,2856,2836,2806,2901,2942,2898,2944,3001,3062,3140,3161,3246,3246,3408,3512,3600,3660,3836,3950,4107,4260,4426,4708,4824,4955,5252,5428,5568,5915,6179,6522,6830,7191,7504,7933,8127,8470,8836,9270,9676,10133,10567,11223,11453,11981,12152,12414,12773,13084,13016,13437,13588,13763,13979,13959,14238,14299,14468,14621,14797,14968,15181,15206,15637,15868,15887,16005,16352,16452,16692,16976,17129,17183,17580,17740,18070,17964,18358,18636,18711,511,508,513,518,520,526,524,515,529,518,515,498,524,519,550,551,576,606,679,749,850,989,1208,1482,1745,2106,2487,2953,3453,4050,4718,5467,6233,6988,7810,8462,9239,9938,10746,11614,12432,13483,14462,15460,16690,17784,19085,20226,21571,22840,24171,25140,26521,27541,28620,29446,30898,31634,32561,33516,33908,34996,35856,36335,36873,37548,38641,39797,40926,41495,42430,43036,43710,44620,45377,45710,46219,46654,47408,47720,48278,49028,49500,49798,50362,50910,51435,52013,52232,52656,53366,53716,54266,55169,55480,56216,56686,57114,57606,57878,38,31,42,34,40,36,38,38,36,37,41,39,34,44,39,38,45,43,41,47,44,46,50,50,54,58,57,62,68,76,72,83,78,101,100,108,119,113,123,126,138,143,145,157,165,185,194,210,214,221,248,252,280,293,316,326,343,357,373,420,406,438,448,461,486,495,515,534,532,574,595,614,641,668,695,714,725,712,739,758,776,773,778,813,820,841,843,823,877,859,867,873,892,918,947,942,944,934,980,976
C6=25.000000;C12=25.000000,2929,2885,2919,2820,2786,2779,2814,2778,2802,2813,2854,2837,2816,2812,2798,2764,2830,2835,2886,2834,2846,2890,2856,2872,2860,2988,3058,3021,3109,3178,3206,3286,3465,3511,3585,3824,3975,4185,4260,4504,4760,5073,5511,5814,6396,6883,7560,8391,9197,9918,10896,11987,12841,13831,14684,15419,16183,17005,17973,18853,19567,20890,21845,22320,22655,23012,23711,23642,23996,24014,24553,24822,25321,25313,25496,25498,26071,26244,26702,26907,27475,27557,28058,28472,28739,28691,29487,29588,29800,29912,30284,30612,31108,31461,31786,32266,32685,32787,33132,33146,514,525,530,522,520,508,523,506,527,507,514,513,517,507,522,513,544,540,557,572,622,664,748,838,934,1048,1198,1362,1584,1802,2086,2317,2595,2880,3169,3378,3635,3869,4139,4508,4764,5119,5536,5855,6200,6526,6942,7314,7632,7862,8104,8388,8599,8802,8974,9156,9377,9495,9664,9848,9755,10018,10074,10451,10594,10837,11078,11247,11520,11554,11752,11857,12017,12163,12184,12324,12622,12719,12905,12914,13107,13206,13294,13495,13553,13739,13868,13898,14047,14225,14314,14382,14498,14682,14917,15047,15155,15312,15420,15488,36,35,39,35,40,33,39,42,44,36,36,34,34,40,41,42,44,38,41,42,47,44,48,50,54,55,59,57,67,71,76,82,91,102,104,105,109,115,128,132,134,140,158,164,164,191,194,203,221,242,255,268,280,314,314,326,344,374,378,408,406,440,455,485,494,520,533,551,598,611,629,649,682,700,716,701,747,749,764,785,786,824,816,808,826,842,858,875,892,902,920,910,931,938,952,968,996,1036,1014,1021
C6=25.000000;C12=2.500000,2939,2839,2800,2861,2797,2798,2800,2804,2790,2754,2774,2760,2841,2719,2834,2817,2784,2782,2841,2793,2899,2835,2937,2925,2958,3031,3077,3118,3165,3296,3408,3516,3640,3818,3980,4228,4463,4719,5156,5496,6064,6483,7387,8234,8852,9814,10790,11837,12996,14297,15290,16802,17926,18562,19562,20278,21476,22482,23269,24355,25040,26286,26911,27457,27542,28126,28116,28582,29004,29369,29367,29768,30129,30337,30564,31155,31664,31460,31977,32422,32977,33198,33446,34076,34307,34290,35105,35451,35560,36042,36421,36451,37048,37278,38250,38204,38736,39148,39256,39776,516,526,516,517,522,504,496,510,491,518,500,506,506,512,507,517,511,522,522,524,537,566,595,607,654,684,734,781,839,903,990,1068,1146,1223,1302,1367,1449,1507,1593,1705,1773,1876,1966,2062,2164,2228,2315,2432,2471,2578,2630,2689,2742,2852,2862,2901,2948,2986,2989,3077,3081,3225,3262,3358,3416,3480,3558,3584,3650,3722,3787,3801,3876,3941,4019,4038,4058,4150,4179,4260,4368,4366,4395,4506,4477,4516,4628,4685,4639,4723,4817,4882,4936,4960,5012,5023,5122,5193,5230,5231,38,38,39,40,40,40,35,39,35,38,39,38,34,43,39,42,43,34,43,43,48,53,47,53,51,57,60,66,65,72,82,83,90,104,96,105,112,124,122,130,130,138,147,172,164,177,198,207,236,233,256,268,281,290,311,326,344,364,374,396,416,432,446,471,510,520,560,580,603,640,652,670,697,706,727,749,748,782,805,812,795,814,837,848,852,872,886,901,917,942,944,942,952,1008,1004,998,999,1048,1049,1088
C6=25.000000;C12=0.0,2818,2808,2840,2824,2853,2866,2828,2832,2762,2732,2761,2761,2703,2836,2742,2777,2792,2800,2923,2836,2826,2878,2912,2901,2992,2932,3095,3138,3175,3297,3422,3543,3606,3902,4021,4124,4515,4744,4980,5515,6043,6706,7380,8115,8947,9748,10854,11780,13055,14100,15335,16739,17759,18693,19502,20405,21622,22260,23519,24965,25623,26842,27309,27479,27847,28402,28626,28956,29672,29425,29951,30490,30432,30700,31291,31256,31759,32162,32498,32973,33368,34030,34005,34932,35228,35261,35648,36093,36394,36704,36851,37446,37593,38431,38688,38929,39272,39953,40113,40133,518,514,520,502,500,507,498,499,504,494,490,490,508,504,502,503,518,515,514,530,534,557,591,602,625,671,705,764,813,890,950,1035,1101,1192,1242,1317,1384,1501,1573,1634,1733,1825,1873,1974,2103,2176,2223,2325,2396,2450,2491,2604,2676,2682,2758,2791,2892,2877,2954,3024,3042,3152,3269,3331,3362,3433,3547,3589,3640,3685,3781,3787,3880,3881,3974,3972,4086,4143,4198,4268,4306,4377,4350,4472,4434,4496,4560,4655,4672,4718,4723,4810,4879,4937,4988,5033,5063,5159,5164,5205,38,37,34,39,40,40,38,41,39,34,38,42,40,41,41,36,39,39,38,42,41,55,47,54,44,59,62,68,77,76,78,84,88,105,101,110,113,115,120,125,137,136,152,157,170,182,194,205,219,235,242,261,268,288,307,331,339,363,368,386,426,432,442,492,518,551,573,598,633,635,663,690,706,729,738,756,771,778,809,821,827,844,870,882,883,916,925,912,940,965,974,985,988,1009,1018,1052,1029,1060,1100,1067
C6=2.500000;C12=25000.000000,2818,2856,2830,2931,2819,2894,2769,2800,2834,2836,2804,2852,2810,2810,2759,2872,2860,2897,2767,2724,2867,2867,2901,2828,2924,2957,2939,2946,3057,3042,3139,3133,3272,3272,3492,3566,3651,3797,3920,4020,4094,4406,4544,4710,4756,4969,5242,5412,5614,5735,5896,6248,6448,6644,6968,7138,7315,7533,7786,8012,8264,8558,8839,9259,9349,9666,9788,10106,10336,10565,10606,10754,10779,11037,11069,11178,11327,11506,11639,11787,11813,11954,12088,12392,12574,12540,12976,12958,12998,13192,13248,13539,13588,13902,13900,14507,14419,14539,14769,14814,522,552,554,527,547,536,538,552,548,558,558,568,588,594,655,698,753,844,939,1080,1235,1478,1743,2054,2413,2881,3392,3970,4487,5268,6026,6914,7795,8746,9613,10517,11343,12211,13139,14210,15160,16260,17492,18713,20093,21377,22682,24220,25566,27003,28347,29563,31000,32417,33437,34658,36015,37058,38090,39064,39892,41106,41958,42710,43442,44220,44752,45986,47276,48910,49890,51107,52408,53433,54157,55073,55823,56988,57799,58383,59222,60005,60532,61526,61785,62253,63591,63957,64121,64801,65608,66082,66842,67368,67985,69021,69603,69912,70483,70941,36,38,32,38,37,38,40,45,40,35,37,42,34,44,35,43,40,46,46,44,39,50,49,54,59,52,59,62,64,68,78,78,88,93,103,100,108,109,122,125,136,135,150,161,170,173,188,201,218,219,246,257,276,278,297,313,330,358,353,386,399,401,422,454,448,463,490,493,520,539,560,599,626,636,676,699,720,722,727,747,771,792,791,811,848,833,851,859,867,884,902,916,920,953,970,956,973,990,1008,1001
C6=2.500000;C12=2500.000000,2899,2882,2856,2856,2790,2823,2803,2755,2810,2772,2853,2829,2790,2881,2814,2866,2771,2729,2824,2860,2899,2902,2902,2774,2973,2954,2958,2997,3070,3062,3108,3166,3286,3280,3420,3424,3584,3743,3836,4031,4194,4326,4482,4571,4737,5029,5183,5353,5680,5671,5911,6127,6516,6746,6858,7052,7238,7321,7624,7913,8128,8501,8792,8892,9056,9566,9695,9925,10345,10184,10384,10474,10710,10766,10898,11055,11201,11357,11352,11609,11616,11764,12024,12120,12077,12313,12471,12686,12855,12664,12967,13262,13379,13338,13616,13738,13928,13830,14029,14265,528,522,522,513,521,516,508,520,524,516,534,549,566,581,620,662,722,774,886,1027,1162,1397,1662,1955,2248,2736,3197,3677,4246,4972,5710,6484,7334,8320,9104,10019,10772,11564,12342,13356,14223,15178,16404,17430,18607,19801,21217,22660,23998,25289,26790,28225,29661,30912,32484,33785,34929,36233,37308,38518,38949,40452,41257,42086,42926,43795,44349,45375,46626,47915,48697,49861,51078,51801,52554,52981,53859,54708,55255,55707,56732,57274,57846,58679,58822,59457,60206,60570,60990,61581,62389,62672,63404,64258,64987,65787,65716,66917,66990,67479,32,40,36,42,34,37,36,39,40,41,43,39,36,40,43,39,34,38,45,36,44,43,48,44,52,58,55,61,64,66,66,79,84,89,84,103,107,113,124,127,130,135,137,152,154,181,178,198,195,214,236,238,267,277,287,310,340,353,365,390,391,413,431,450,480,485,498,506,530,552,578,590,615,650,655,672,687,701,712,725,751,750,784,774,800,796,805,832,840,844,849,856,850,865,905,897,879,909,920,970
C6=2.500000;C12=250.000000,2876,2931,2878,2808,2775,2749,2839,2809,2812,2736,2709,2776,2821,2842,2784,2700,2819,2751,2754,2801,2821,2811,2794,2942,2878,2818,2919,2983,3048,3058,3125,3096,3228,3345,3327,3581,3577,3623,3811,4038,4189,4208,4485,4665,4803,4937,5260,5419,5674,5715,5921,6043,6433,6592,6919,6964,7233,7324,7484,7726,7944,8157,8332,8505,8808,8970,9185,9382,9458,9611,9855,9900,10048,10104,10188,10276,10526,10542,10640,10762,10794,10929,11112,11173,11251,11518,11551,11577,11734,11923,11913,11958,12227,12384,12554,12728,12640,12890,13008,12839,518,531,516,510,514,508,522,506,527,544,554,552,568,586,620,669,724,791,874,986,1165,1341,1566,1867,2172,2565,3001,3434,3998,4572,5280,5972,6760,7650,8454,9255,10016,10773,11578,12355,13193,14129,15269,16148,17266,18376,19565,20863,22136,23502,24876,26062,27414,28694,30028,30935,31958,33146,34043,34952,35582,36652,37508,38263,39049,39621,40244,41695,42740,43637,44613,45560,46512,46979,47864,48312,48867,49447,50213,50639,51507,51840,52402,53127,53662,53724,54456,54620,54902,55498,56138,56696,57496,58160,58924,59258,59601,60138,60902,61079,34,37,38,37,36,40,36,38,43,36,40,42,36,36,43,40,45,43,47,43,43,47,46,51,49,50,58,58,56,66,73,73,82,82,93,100,104,108,111,111,133,132,143,156,162,164,187,192,212,216,245,254,257,283,297,322,328,336,379,382,411,422,442,446,456,480,492,506,529,554,594,615,635,637,665,678,711,701,717,748,746,773,778,781,787,803,790,802,850,851,847,856,866,889,893,907,914,921,967,951
C6=2.500000;C12=25.000000,2968,2899,2853,2885,2751,2849,2849,2813,2748,2727,2831,2768,2820,2791,2764,2810,2871,2807,2812,2794,2772,2778,2896,2894,2891,2890,2924,2993,3002,3076,3133,3228,3237,3440,3402,3548,3721,3831,3912,4166,4267,4439,4645,4760,4956,5126,5382,5568,5746,5931,6219,6238,6683,6718,6955,7104,7376,7619,7906,8004,8162,8406,8676,8907,9088,9286,9274,9452,9601,9589,9741,9936,9988,10198,10223,10300,10484,10585,10778,10825,10883,11070,11071,11291,11388,11212,11577,11799,11654,11865,12042,12149,12196,12220,12598,12566,12737,12908,12987,13057,526,519,508,510,514,512,522,514,508,507,521,532,541,546,542,581,617,680,720,783,870,987,1129,1299,1472,1697,1861,2101,2367,2703,3037,3376,3690,4034,4357,4773,4996,5311,5718,6073,6462,6861,7334,7801,8261,8645,9085,9568,9985,10416,10796,11193,11582,11876,12234,12427,12758,13062,13328,13438,13549,13903,14086,14266,14616,14972,15198,15504,15848,16028,16234,16404,16681,16854,17175,17164,17498,17537,17930,17984,18197,18450,18643,18788,18926,19073,19315,19566,19576,19636,20053,20011,20312,20542,20735,21055,20993,21248,21337,21401,38,34,38,40,34,36,37,37,37,45,38,37,36,40,37,35,38,42,36,42,44,48,48,54,52,54,60,67,62,74,82,83,88,89,99,102,106,112,116,122,128,141,146,149,162,164,190,196,211,236,243,264,273,310,304,328,341,370,373,408,413,411,455,450,463,492,536,526,584,605,606,633,660,679,676,723,720,743,758,761,786,781,801,808,818,816,840,834,843,863,868,886,900,909,932,940,952,971,977,972
C6=2.500000;C12=2.500000,2948,2881,2928,2846,2855,2803,2791,2850,2762,2837,2850,2766,2784,2757,2763,2786,2864,2884,2868,2870,2902,2863,2879,2894,2868,2969,2988,3021,2985,3144,3171,3192,3300,3382,3480,3647,3742,3917,4042,4130,4330,4588,4688,4893,5154,5235,5588,5760,6028,6156,6550,6680,6895,7168,7288,7546,7671,7912,8082,8378,8494,8936,9026,9130,9274,9289,9546,9623,9636,9904,9884,9995,10237,10286,10561,10333,10742,10556,10941,11027,11217,11286,11246,11552,11700,11684,11937,12025,12096,12190,12146,12328,12374,12655,12819,13035,13144,13070,13197,13394,506,517,538,524,526,506,498,518,513,529,516,519,508,535,519,517,538,546,547,556,597,621,658,705,729,794,845,936,989,1071,1157,1273,1330,1459,1540,1624,1713,1805,1901,2000,2099,2222,2321,2422,2589,2645,2786,2885,2933,2992,3068,3164,3213,3267,3342,3372,3404,3480,3492,3525,3556,3626,3732,3767,3854,3925,3997,4109,4166,4171,4213,4340,4362,4421,4492,4478,4548,4557,4655,4691,4770,4867,4854,4896,5026,4965,5083,5141,5140,5226,5263,5284,5391,5405,5521,5587,5543,5637,5626,5650,36,36,36,40,34,38,33,38,34,46,36,36,33,40,38,39,44,42,42,44,48,46,48,49,55,60,61,70,72,68,80,81,96,95,98,100,112,121,122,132,133,136,152,168,175,181,204,218,226,236,253,262,285,304,312,321,343,356,386,390,408,439,450,478,491,532,551,588,606,634,651,656,690,705,707,732,733,740,792,788,798,796,822,833,826,861,884,865,878,896,910,928,941,949,958,992,967,984,1012,1023
C6=2.500000;C12=0.0,2907,2915,2932,2860,2874,2844,2718,2788,2827,2774,2812,2821,2825,2836,2822,2808,2737,2766,2891,2882,2788,2888,2886,2943,2930,3006,2959,3006,3101,3189,3244,3274,3403,3505,3607,3627,3810,3929,4127,4283,4388,4563,4808,4961,5179,5386,5524,5862,6051,6306,6601,6728,6956,7196,7325,7612,7734,8030,8318,8350,8642,8868,9004,9143,9139,9284,9422,9588,9719,9742,9834,10152,10086,10150,10365,10451,10602,10786,10932,11002,11099,11293,11359,11490,11553,11656,11786,11873,12013,12039,12221,12256,12395,12570,12468,12910,12900,12904,12890,13222,512,521,512,525,506,508,513,499,500,505,508,504,499,520,514,519,522,516,531,546,552,561,588,610,645,674,710,750,800,868,944,1028,1080,1156,1199,1286,1364,1390,1509,1575,1628,1729,1821,1863,1949,2014,2106,2169,2213,2268,2341,2419,2416,2454,2497,2545,2545,2592,2643,2626,2687,2780,2821,2912,2903,3002,3008,3075,3094,3189,3246,3266,3254,3366,3386,3429,3455,3494,3579,3580,3649,3672,3709,3807,3780,3844,3885,3937,4005,4002,4089,4081,4127,4207,4252,4300,4338,4321,4344,4384,42,39,37,34,42,38,40,36,42,37,35,38,36,42,39,42,41,42,40,43,49,50,49,55,53,51,62,66,64,69,85,84,90,99,98,107,116,122,123,136,140,144,158,160,170,174,190,205,219,241,253,264,281,298,300,329,346,359,383,404,414,428,468,482,506,532,561,570,604,637,653,668,684,730,708,744,718,761,761,768,794,780,807,816,832,840,865,888,866,862,896,931,914,950,956,960,991,972,1028,1007
C6=0.000000;C12=25000.000000,2878,2947,2845,2895,2812,2839,2816,2810,2846,2786,2837,2798,2790,2811,2795,2800,2791,2910,2815,2877,2924,2922,2941,2908,2895,2956,3034,2983,2991,3105,3100,3104,3370,3300,3425,3535,3644,3709,3800,4031,4175,4319,4420,4674,4776,4956,5223,5299,5605,5643,5893,6241,6460,6738,6908,7014,7342,7592,8028,8056,8257,8693,8911,9324,9524,9758,10167,10191,10468,10802,10845,11092,11126,11300,11388,11668,11769,11927,12044,12118,12291,12477,12602,12844,12939,13118,13086,13469,13593,13767,13954,13920,14094,14254,14506,14751,14906,15080,15199,15328,520,527,513,536,510,518,533,514,533,538,536,540,571,612,644,696,770,839,944,1072,1240,1483,1734,2025,2400,2848,3270,3838,4502,5164,6020,6803,7741,8656,9694,10618,11424,12351,13386,14332,15265,16597,17786,18995,20688,21903,23341,24903,26482,27954,29615,31108,32590,34331,35557,36617,37950,39294,40501,41632,42362,43804,45064,45608,46430,47671,48326,49181,50112,51704,53453,54564,55809,57148,58098,58833,60151,60843,61595,62292,63138,64296,64978,65366,66172,66802,67794,68386,68686,69211,70038,70345,71332,72166,73022,73637,73844,74783,74857,75623,35,41,36,36,38,34,40,38,38,34,40,46,40,38,40,42,42,42,38,36,42,46,49,50,52,55,61,60,64,70,70,79,82,88,100,102,98,112,110,128,132,136,158,154,170,178,193,208,216,233,254,262,258,299,320,328,352,350,356,380,400,422,439,455,456,488,499,508,510,546,564,592,607,612,658,663,701,738,726,746,769,797,809,818,823,838,854,877,895,882,900,907,923,949,945,953,952,983,973,981
C6=0.000000;C12=2500.000000,2974,2855,2872,2866,2810,2792,2814,2757,2819,2764,2856,2808,2800,2761,2782,2778,2781,2781,2914,2774,2844,2891,2853,2871,2882,2989,2894,2950,3045,3106,3160,3084,3190,3387,3370,3516,3544,3670,3902,4023,4150,4233,4444,4538,4655,4956,5158,5267,5547,5659,6008,6053,6412,6461,6736,6875,7181,7352,7663,7762,8018,8345,8775,8841,9180,9406,9722,9954,10123,10390,10472,10682,10834,10811,11176,11200,11208,11303,11403,11535,11796,11932,12056,12131,12251,12483,12794,12755,12674,12904,13166,13220,13602,13541,13770,13810,13924,14062,14269,14386,507,537,510,521,532,517,514,541,549,539,562,564,599,610,634,674,730,804,905,1047,1194,1404,1629,1928,2285,2695,3151,3689,4196,4898,5620,6415,7322,8187,9176,10132,10892,11834,12632,13696,14465,15576,16648,17757,19172,20358,21690,23134,24834,26236,27685,29328,30626,32470,33894,35077,36650,37654,39121,40400,41245,42710,43781,44705,45790,46741,47336,48214,49772,51162,52142,53758,54922,55774,56688,57205,58484,59073,59854,60412,60946,62095,62472,63321,64056,64549,65048,65584,66345,66567,67329,67885,68064,69080,69785,71030,70858,71368,71878,71966,34,41,39,45,39,40,40,42,39,36,38,39,40,41,39,39,40,39,40,44,44,44,43,45,54,55,56,64,70,63,74,75,83,86,90,102,105,107,114,125,131,124,142,147,160,162,180,191,196,224,233,253,264,286,290,310,340,352,370,376,408,416,436,468,456,476,518,516,528,556,568,587,625,642,681,662,694,691,719,736,754,759,781,784,811,811,815,830,828,862,845,861,872,904,913,907,943,952,953,969
C6=0.000000;C12=250.000000,2876,2822,2894,2892,2843,2756,2870,2850,2778,2719,2779,2744,2870,2761,2805,2736,2770,2765,2844,2847,2824,2757,2892,2868,2926,2895,2910,3000,2941,3058,3105,3118,3298,3271,3412,3455,3578,3656,3775,4027,4240,4304,4420,4643,4804,4943,5068,5312,5570,5794,5960,6092,6329,6554,6638,6824,7124,7279,7388,7597,7645,7966,8295,8428,8438,8672,8911,9074,9238,9391,9607,9643,9736,9706,9854,10068,10116,10256,10318,10554,10417,10836,10789,10917,11001,11028,11290,11328,11490,11548,11623,11913,11883,12122,12108,12204,12336,12630,12563,12646,520,531,545,518,518,538,529,526,549,541,555,567,598,611,655,686,758,825,902,1040,1189,1337,1592,1889,2214,2570,2990,3456,4018,4616,5249,6047,6824,7680,8502,9325,10044,10976,11725,12738,13511,14443,15527,16545,17722,18914,20170,21387,22864,24192,25686,27041,28420,29883,31064,32397,33798,34712,35817,36962,37703,38917,39742,40974,41522,42290,42932,43765,45487,46654,47714,49154,50403,50791,51914,52425,53324,53711,54649,55179,56043,56565,57081,57648,58130,58602,59643,59784,60382,60543,61293,61396,62222,62990,63607,64308,64439,64976,65502,65475,39,37,38,34,32,36,40,38,38,38,41,40,37,44,37,43,36,35,35,44,43,44,49,52,52,51,57,58,53,69,76,74,74,84,96,96,103,111,122,116,128,133,140,161,154,176,170,203,198,205,235,249,267,280,302,314,322,344,357,397,390,424,428,447,470,479,491,520,526,552,593,593,626,674,649,672,680,708,726,741,754,768,792,795,790,829,822,846,869,859,873,850,890,905,893,902,919,957,939,932
C6=0.000000;C12=25.000000,2908,2879,2841,2818,2801,2835,2786,2741,2802,2846,2783,2825,2791,2766,2749,2829,2718,2796,2842,2798,2903,2834,2845,2862,2857,2883,2992,3012,3047,3064,3108,3158,3262,3350,3422,3538,3735,3842,3889,4040,4240,4390,4616,4759,4911,5171,5275,5457,5722,5778,6075,6198,6480,6659,6848,6784,7034,7261,7351,7631,7518,7687,7984,8114,8450,8407,8653,8612,8832,8804,9088,8963,9178,9425,9232,9511,9668,9778,9899,9912,10071,10126,10444,10369,10570,10629,10602,10965,10912,11097,11163,11272,11331,11576,11607,11634,11949,12023,11926,12130,530,524,509,490,506,512,506,519,524,525,540,542,538,553,578,600,629,663,735,772,873,986,1118,1272,1448,1654,1887,2107,2361,2670,3042,3372,3724,4140,4490,4848,5178,5543,5785,6276,6659,7032,7496,7995,8473,9016,9504,9968,10398,10943,11410,11835,12196,12710,12951,13283,13577,13856,14195,14595,14478,14820,15011,15222,15528,15905,16326,16799,17122,17464,17769,18172,18326,18729,18946,19031,19407,19532,19815,20160,20412,20669,20807,21072,21215,21367,21713,21703,22013,22162,22409,22566,22784,23077,23137,23568,23574,23966,24012,24143,34,36,36,40,38,36,35,37,43,37,43,41,38,42,37,40,37,44,42,49,43,39,50,51,51,55,59,63,63,79,73,80,82,88,97,103,113,115,126,132,126,135,150,161,164,177,188,198,210,226,240,267,280,280,300,338,354,357,384,405,407,443,425,459,464,498,504,555,561,576,614,636,646,670,678,736,709,753,762,785,782,808,808,824,844,845,880,878,878,905,906,928,941,963,940,958,997,1006,990,1018
C6=0.000000;C12=2.500000,2944,2926,2850,2864,2823,2803,2902,2858,2820,2816,2791,2726,2852,2828,2869,2778,2790,2788,2829,2846,2772,2920,2919,2809,2907,2882,2970,2961,2980,3123,3179,3212,3410,3412,3539,3545,3828,3892,3998,4156,4354,4612,4656,4901,5026,5187,5424,5558,5856,6029,6133,6327,6617,6528,6864,7004,6979,7250,7294,7549,7725,7896,7998,8196,8080,8317,8377,8517,8705,8711,8865,8722,9159,9211,9271,9352,9457,9597,9814,9939,9926,10235,10095,10256,10378,10579,10689,10876,10873,10839,11002,11079,11317,11410,11458,11662,11792,11917,11868,11959,531,533,516,519,506,530,512,517,503,512,502,506,514,523,525,505,528,540,555,565,602,639,634,710,750,805,857,926,994,1078,1220,1275,1374,1486,1553,1650,1706,1861,1966,2050,2178,2280,2426,2526,2647,2727,2855,2937,3026,3112,3236,3295,3330,3438,3430,3476,3574,3545,3644,3709,3717,3779,3901,3996,4090,4130,4206,4295,4383,4448,4594,4620,4726,4726,4894,4952,4974,5058,5071,5172,5230,5300,5335,5404,5495,5592,5596,5641,5789,5782,5844,5914,5975,6024,6138,6220,6230,6314,6335,6421,39,40,31,43,36,35,42,39,38,38,36,44,47,41,40,43,42,45,46,43,43,49,52,52,57,67,60,64,66,78,78,81,94,94,103,106,119,114,133,130,138,152,154,158,169,182,186,222,222,242,266,278,284,302,318,323,349,364,382,384,397,428,430,462,496,531,552,584,614,634,642,666,703,740,748,753,768,788,822,833,846,855,856,884,904,896,916,951,953,952,983,993,1004,1031,1046,1033,1041,1066,1089,1088
